1,"	WinPlatform_01.AppEngine1.CPULoad","				2020-08-12 02:57:59","	3.907057","	"
2,"	WinPlatform_01.AppEngine1.CPULoadAvg","				2020-08-12 02:57:59","	12.93098","	"
3,"	WinPlatform_01.AppEngine1.DiskWritesAvg_1","				2020-08-12 02:57:59","	15.49615","	"
4,"	WinPlatform_01.AppEngine1.DiskReadsAvg_1","				2020-08-12 02:57:59","	1.80203","	"
5,"	WinPlatform_01.AppEngine1.DiskBytesWriteAvg_1","				2020-08-12 02:57:59","	9744.283","	"
6,"	WinPlatform_01.AppEngine1.DiskBytesReadAvg_1","				2020-08-12 02:57:59","	4749.785","	"
7,"	WinPlatform_01.AppEngine1.RAMAvailableAvg","				2020-08-12 02:57:59","	3178.85","	"
8,"	WinPlatform_01.AppEngine1.PageFaultsAvg","				2020-08-12 02:57:59","	1563.724","	"
9,"	WinPlatform_01.AppEngine1.Engine.IssuedInternalGetsCnt","				2020-08-12 02:57:59","	-2067144235","	"
10,"	WinPlatform_01.AppEngine1.Engine.IssuedInternalSetsCnt","				2020-08-12 02:57:59","	62005195","	"
11,"	WinPlatform_01.AppEngine1.Engine.ExternalReferenceCnt","				2020-08-12 02:57:59","	9139","	"
12,"	WinPlatform_01.AppEngine1.Engine.IssuedExternalGetsCnt","				2020-08-12 02:57:59","	4","	"
13,"	WinPlatform_01.AppEngine1.Engine.IssuedExternalSetsCnt","				2020-08-12 02:57:59","	1053092","	"
14,"	WinPlatform_01.AppEngine1.Engine.AsyncScriptsRunningCnt","				2020-08-12 02:57:59","	4","	"
15,"	WinPlatform_01.AppEngine1.Engine.AsyncScriptsWaitingCnt","				2020-08-12 02:57:59","	0","	"
16,"	WinPlatform_01.AppEngine1.CPULoad","				2020-08-12 03:07:59","	9.378118","	"
17,"	WinPlatform_01.AppEngine1.CPULoadAvg","				2020-08-12 03:07:59","	12.88615","	"
18,"	WinPlatform_01.AppEngine1.DiskWritesAvg_1","				2020-08-12 03:07:59","	2.999547","	"
19,"	WinPlatform_01.AppEngine1.DiskReadsAvg_1","				2020-08-12 03:07:59","	0","	"
20,"	WinPlatform_01.AppEngine1.DiskBytesWriteAvg_1","				2020-08-12 03:07:59","	7959.162","	"
21,"	WinPlatform_01.AppEngine1.DiskBytesReadAvg_1","				2020-08-12 03:07:59","	0","	"
22,"	WinPlatform_01.AppEngine1.RAMAvailableAvg","				2020-08-12 03:07:59","	3206.85","	"
23,"	WinPlatform_01.AppEngine1.PageFaultsAvg","				2020-08-12 03:07:59","	1487.635","	"
24,"	WinPlatform_01.AppEngine1.Engine.IssuedInternalGetsCnt","				2020-08-12 03:07:59","	-2066873110","	"
25,"	WinPlatform_01.AppEngine1.Engine.IssuedInternalSetsCnt","				2020-08-12 03:07:59","	62012522","	"
26,"	WinPlatform_01.AppEngine1.Engine.ExternalReferenceCnt","				2020-08-12 03:07:59","	9139","	"
27,"	WinPlatform_01.AppEngine1.Engine.IssuedExternalGetsCnt","				2020-08-12 03:07:59","	4","	"
28,"	WinPlatform_01.AppEngine1.Engine.IssuedExternalSetsCnt","				2020-08-12 03:07:59","	1053248","	"
29,"	WinPlatform_01.AppEngine1.Engine.AsyncScriptsRunningCnt","				2020-08-12 03:07:59","	0","	"
30,"	WinPlatform_01.AppEngine1.Engine.AsyncScriptsWaitingCnt","				2020-08-12 03:07:59","	3","	"
31,"	WinPlatform_01.AppEngine1.CPULoad","				2020-08-12 03:17:59","	8.601939","	"
32,"	WinPlatform_01.AppEngine1.CPULoadAvg","				2020-08-12 03:17:59","	12.11088","	"
33,"	WinPlatform_01.AppEngine1.DiskWritesAvg_1","				2020-08-12 03:17:59","	14.72825","	"
34,"	WinPlatform_01.AppEngine1.DiskReadsAvg_1","				2020-08-12 03:17:59","	1.50038","	"
35,"	WinPlatform_01.AppEngine1.DiskBytesWriteAvg_1","				2020-08-12 03:17:59","	9893.392","	"
36,"	WinPlatform_01.AppEngine1.DiskBytesReadAvg_1","				2020-08-12 03:17:59","	1872.457","	"
37,"	WinPlatform_01.AppEngine1.RAMAvailableAvg","				2020-08-12 03:17:59","	3220","	"
38,"	WinPlatform_01.AppEngine1.PageFaultsAvg","				2020-08-12 03:17:59","	1363.714","	"
39,"	WinPlatform_01.AppEngine1.Engine.IssuedInternalGetsCnt","				2020-08-12 03:17:59","	-2066601774","	"
40,"	WinPlatform_01.AppEngine1.Engine.IssuedInternalSetsCnt","				2020-08-12 03:17:59","	62020067","	"
41,"	WinPlatform_01.AppEngine1.Engine.ExternalReferenceCnt","				2020-08-12 03:17:59","	9139","	"
42,"	WinPlatform_01.AppEngine1.Engine.IssuedExternalGetsCnt","				2020-08-12 03:17:59","	4","	"
43,"	WinPlatform_01.AppEngine1.Engine.IssuedExternalSetsCnt","				2020-08-12 03:17:59","	1053425","	"
44,"	WinPlatform_01.AppEngine1.Engine.AsyncScriptsRunningCnt","				2020-08-12 03:17:59","	3","	"
45,"	WinPlatform_01.AppEngine1.Engine.AsyncScriptsWaitingCnt","				2020-08-12 03:17:59","	0","	"
46,"	WinPlatform_01.AppEngine1.CPULoad","				2020-08-12 03:27:59","	8.597059","	"
47,"	WinPlatform_01.AppEngine1.CPULoadAvg","				2020-08-12 03:27:59","	11.29044","	"
48,"	WinPlatform_01.AppEngine1.DiskWritesAvg_1","				2020-08-12 03:27:59","	2.898456","	"
49,"	WinPlatform_01.AppEngine1.DiskReadsAvg_1","				2020-08-12 03:27:59","	0","	"
50,"	WinPlatform_01.AppEngine1.DiskBytesWriteAvg_1","				2020-08-12 03:27:59","	5202.286","	"
51,"	WinPlatform_01.AppEngine1.DiskBytesReadAvg_1","				2020-08-12 03:27:59","	0","	"
52,"	WinPlatform_01.AppEngine1.RAMAvailableAvg","				2020-08-12 03:27:59","	3206.7","	"
53,"	WinPlatform_01.AppEngine1.PageFaultsAvg","				2020-08-12 03:27:59","	1092.234","	"
54,"	WinPlatform_01.AppEngine1.Engine.IssuedInternalGetsCnt","				2020-08-12 03:27:59","	-2066330407","	"
55,"	WinPlatform_01.AppEngine1.Engine.IssuedInternalSetsCnt","				2020-08-12 03:27:59","	62027554","	"
56,"	WinPlatform_01.AppEngine1.Engine.ExternalReferenceCnt","				2020-08-12 03:27:59","	9139","	"
57,"	WinPlatform_01.AppEngine1.Engine.IssuedExternalGetsCnt","				2020-08-12 03:27:59","	4","	"
58,"	WinPlatform_01.AppEngine1.Engine.IssuedExternalSetsCnt","				2020-08-12 03:27:59","	1053611","	"
59,"	WinPlatform_01.AppEngine1.Engine.AsyncScriptsRunningCnt","				2020-08-12 03:27:59","	5","	"
60,"	WinPlatform_01.AppEngine1.Engine.AsyncScriptsWaitingCnt","				2020-08-12 03:27:59","	0","	"
61,"	WinPlatform_01.AppEngine1.CPULoadMax","				2020-08-12 03:37:52","	100","	"
62,"	WinPlatform_01.AppEngine1.DiskSpaceFree[1]","				2020-08-12 03:37:52","	25166","	"
63,"	WinPlatform_01.AppEngine1.Engine._ProcessId","				2020-08-12 03:37:52","	1756","	"
64,"	WinPlatform_01.AppEngine1.NetRMCDisconnectCnt","				2020-08-12 03:37:52","	0","	"
65,"	WinPlatform_01.AppEngine1.NetNMXDisconnectCnt","				2020-08-12 03:37:52","	0","	"
66,"	WinPlatform_01.AppEngine1.NetNMXHeartbeatsMissedCnt","				2020-08-12 03:37:52","	5842","	"
67,"	WinPlatform_01.AppEngine1.NetNMXHeartbeatsMissedConsecCnt","				2020-08-12 03:37:52","	1268","	"
68,"	WinPlatform_01.AppEngine1.RAM","				2020-08-12 03:37:52","	8272.91","	"
69,"	WinPlatform_01.AppEngine1.ThreadCnt","				2020-08-12 03:37:52","	2687","	"
70,"	WinPlatform_01.AppEngine1.Engine.Engine._ProcessId","				2020-08-12 03:37:52","	6040","	"
71,"	WinPlatform_01.AppEngine1.Engine.SubscribedAttrCnt","				2020-08-12 03:37:52","	351","	"
72,"	WinPlatform_01.AppEngine1.Engine.SubscriptionLocalCnt","				2020-08-12 03:37:52","	168","	"
73,"	WinPlatform_01.AppEngine1.Scheduler.ObjectCnt","				2020-08-12 03:37:52","	75","	"
74,"	WinPlatform_01.AppEngine1.Scheduler.ScanCyclesCnt","				2020-08-12 03:37:52","	24931911","	"
75,"	WinPlatform_01.AppEngine1.Scheduler.ScanOverrunsCnt","				2020-08-12 03:37:52","	2502","	"
76,"	WinPlatform_01.AppEngine1.Scheduler.TimeIdleAvg","				2020-08-12 03:37:52","	191.1723","	"
77,"	WinPlatform_01.AppEngine1.Scheduler.TimeIdleMax","				2020-08-12 03:37:52","	197.798","	"
78,"	WinPlatform_01.AppEngine1.Scheduler.TimeIdleMin","				2020-08-12 03:37:52","	0","	"
79,"	WinPlatform_01.AppEngine1.Scheduler.TimeInputAvg","				2020-08-12 03:37:52","	8.827708","	"
80,"	WinPlatform_01.AppEngine1.Scheduler.TimeOutputAvg","				2020-08-12 03:37:52","	0","	"
81,"	WinPlatform_01.AppEngine1.CPULoad","				2020-08-12 03:37:59","	3.907422","	"
82,"	WinPlatform_01.AppEngine1.CPULoadAvg","				2020-08-12 03:37:59","	14.18102","	"
83,"	WinPlatform_01.AppEngine1.DiskWritesAvg_1","				2020-08-12 03:37:59","	15.69425","	"
84,"	WinPlatform_01.AppEngine1.DiskReadsAvg_1","				2020-08-12 03:37:59","	1.401352","	"
85,"	WinPlatform_01.AppEngine1.DiskBytesWriteAvg_1","				2020-08-12 03:37:59","	7846.354","	"
86,"	WinPlatform_01.AppEngine1.DiskBytesReadAvg_1","				2020-08-12 03:37:59","	1477.486","	"
87,"	WinPlatform_01.AppEngine1.RAMAvailableAvg","				2020-08-12 03:37:59","	3150","	"
88,"	WinPlatform_01.AppEngine1.PageFaultsAvg","				2020-08-12 03:37:59","	1754.184","	"
89,"	WinPlatform_01.AppEngine1.Engine.IssuedInternalGetsCnt","				2020-08-12 03:37:59","	-2066058784","	"
90,"	WinPlatform_01.AppEngine1.Engine.IssuedInternalSetsCnt","				2020-08-12 03:37:59","	62035577","	"
91,"	WinPlatform_01.AppEngine1.Engine.ExternalReferenceCnt","				2020-08-12 03:37:59","	9139","	"
92,"	WinPlatform_01.AppEngine1.Engine.IssuedExternalGetsCnt","				2020-08-12 03:37:59","	4","	"
93,"	WinPlatform_01.AppEngine1.Engine.IssuedExternalSetsCnt","				2020-08-12 03:37:59","	1053866","	"
94,"	WinPlatform_01.AppEngine1.Engine.AsyncScriptsRunningCnt","				2020-08-12 03:37:59","	7","	"
95,"	WinPlatform_01.AppEngine1.Engine.AsyncScriptsWaitingCnt","				2020-08-12 03:37:59","	0","	"
96,"	WinPlatform_01.AppEngine1.CPULoad","				2020-08-12 03:47:59","	3.906519","	"
97,"	WinPlatform_01.AppEngine1.CPULoadAvg","				2020-08-12 03:47:59","	10.69727","	"
98,"	WinPlatform_01.AppEngine1.DiskWritesAvg_1","				2020-08-12 03:47:59","	10.30719","	"
99,"	WinPlatform_01.AppEngine1.DiskReadsAvg_1","				2020-08-12 03:47:59","	0","	"
100,"	WinPlatform_01.AppEngine1.DiskBytesWriteAvg_1","				2020-08-12 03:47:59","	5467.733","	"
101,"	WinPlatform_01.AppEngine1.DiskBytesReadAvg_1","				2020-08-12 03:47:59","	0","	"
102,"	WinPlatform_01.AppEngine1.RAMAvailableAvg","				2020-08-12 03:47:59","	3225.9","	"
103,"	WinPlatform_01.AppEngine1.PageFaultsAvg","				2020-08-12 03:47:59","	1268.914","	"
104,"	WinPlatform_01.AppEngine1.Engine.IssuedInternalGetsCnt","				2020-08-12 03:47:59","	-2065787518","	"
105,"	WinPlatform_01.AppEngine1.Engine.IssuedInternalSetsCnt","				2020-08-12 03:47:59","	62043517","	"
106,"	WinPlatform_01.AppEngine1.Engine.ExternalReferenceCnt","				2020-08-12 03:47:59","	9139","	"
107,"	WinPlatform_01.AppEngine1.Engine.IssuedExternalGetsCnt","				2020-08-12 03:47:59","	4","	"
108,"	WinPlatform_01.AppEngine1.Engine.IssuedExternalSetsCnt","				2020-08-12 03:47:59","	1054032","	"
109,"	WinPlatform_01.AppEngine1.Engine.AsyncScriptsRunningCnt","				2020-08-12 03:47:59","	0","	"
110,"	WinPlatform_01.AppEngine1.Engine.AsyncScriptsWaitingCnt","				2020-08-12 03:47:59","	2","	"
111,"	WinPlatform_01.AppEngine1.CPULoad","				2020-08-12 03:57:59","	7.814233","	"
112,"	WinPlatform_01.AppEngine1.CPULoadAvg","				2020-08-12 03:57:59","	10.54838","	"
113,"	WinPlatform_01.AppEngine1.DiskWritesAvg_1","				2020-08-12 03:57:59","	11.15534","	"
114,"	WinPlatform_01.AppEngine1.DiskReadsAvg_1","				2020-08-12 03:57:59","	1.493209","	"
115,"	WinPlatform_01.AppEngine1.DiskBytesWriteAvg_1","				2020-08-12 03:57:59","	6791.536","	"
116,"	WinPlatform_01.AppEngine1.DiskBytesReadAvg_1","				2020-08-12 03:57:59","	1392.64","	"
117,"	WinPlatform_01.AppEngine1.RAMAvailableAvg","				2020-08-12 03:57:59","	3187.95","	"
118,"	WinPlatform_01.AppEngine1.PageFaultsAvg","				2020-08-12 03:57:59","	1121.727","	"
119,"	WinPlatform_01.AppEngine1.Engine.IssuedInternalGetsCnt","				2020-08-12 03:57:59","	-2065516956","	"
120,"	WinPlatform_01.AppEngine1.Engine.IssuedInternalSetsCnt","				2020-08-12 03:57:59","	62051388","	"
121,"	WinPlatform_01.AppEngine1.Engine.ExternalReferenceCnt","				2020-08-12 03:57:59","	9139","	"
122,"	WinPlatform_01.AppEngine1.Engine.IssuedExternalGetsCnt","				2020-08-12 03:57:59","	4","	"
123,"	WinPlatform_01.AppEngine1.Engine.IssuedExternalSetsCnt","				2020-08-12 03:57:59","	1054073","	"
124,"	WinPlatform_01.AppEngine1.Engine.AsyncScriptsRunningCnt","				2020-08-12 03:57:59","	3","	"
125,"	WinPlatform_01.AppEngine1.Engine.AsyncScriptsWaitingCnt","				2020-08-12 03:57:59","	0","	"
126,"	WinPlatform_01.AppEngine1.CPULoad","				2020-08-12 04:08:00","	6.251819","	"
127,"	WinPlatform_01.AppEngine1.CPULoadAvg","				2020-08-12 04:08:00","	10.71332","	"
128,"	WinPlatform_01.AppEngine1.DiskWritesAvg_1","				2020-08-12 04:08:00","	1.904886","	"
129,"	WinPlatform_01.AppEngine1.DiskReadsAvg_1","				2020-08-12 04:08:00","	0","	"
130,"	WinPlatform_01.AppEngine1.DiskBytesWriteAvg_1","				2020-08-12 04:08:00","	5321.956","	"
131,"	WinPlatform_01.AppEngine1.DiskBytesReadAvg_1","				2020-08-12 04:08:00","	0","	"
132,"	WinPlatform_01.AppEngine1.RAMAvailableAvg","				2020-08-12 04:08:00","	3207.55","	"
133,"	WinPlatform_01.AppEngine1.PageFaultsAvg","				2020-08-12 04:08:00","	1239.574","	"
134,"	WinPlatform_01.AppEngine1.Engine.IssuedInternalGetsCnt","				2020-08-12 04:08:00","	-2065246520","	"
135,"	WinPlatform_01.AppEngine1.Engine.IssuedInternalSetsCnt","				2020-08-12 04:08:00","	62058045","	"
136,"	WinPlatform_01.AppEngine1.Engine.ExternalReferenceCnt","				2020-08-12 04:08:00","	9139","	"
137,"	WinPlatform_01.AppEngine1.Engine.IssuedExternalGetsCnt","				2020-08-12 04:08:00","	4","	"
138,"	WinPlatform_01.AppEngine1.Engine.IssuedExternalSetsCnt","				2020-08-12 04:08:00","	1054095","	"
139,"	WinPlatform_01.AppEngine1.Engine.AsyncScriptsRunningCnt","				2020-08-12 04:08:00","	2","	"
140,"	WinPlatform_01.AppEngine1.Engine.AsyncScriptsWaitingCnt","				2020-08-12 04:08:00","	0","	"
141,"	WinPlatform_01.AppEngine1.CPULoad","				2020-08-12 04:18:00","	4.546399","	"
142,"	WinPlatform_01.AppEngine1.CPULoadAvg","				2020-08-12 04:18:00","	10.50918","	"
143,"	WinPlatform_01.AppEngine1.DiskWritesAvg_1","				2020-08-12 04:18:00","	9.079358","	"
144,"	WinPlatform_01.AppEngine1.DiskReadsAvg_1","				2020-08-12 04:18:00","	0","	"
145,"	WinPlatform_01.AppEngine1.DiskBytesWriteAvg_1","				2020-08-12 04:18:00","	6204.58","	"
146,"	WinPlatform_01.AppEngine1.DiskBytesReadAvg_1","				2020-08-12 04:18:00","	0","	"
147,"	WinPlatform_01.AppEngine1.RAMAvailableAvg","				2020-08-12 04:18:00","	3213.9","	"
148,"	WinPlatform_01.AppEngine1.PageFaultsAvg","				2020-08-12 04:18:00","	1077.397","	"
149,"	WinPlatform_01.AppEngine1.Engine.IssuedInternalGetsCnt","				2020-08-12 04:18:00","	-2064976187","	"
150,"	WinPlatform_01.AppEngine1.Engine.IssuedInternalSetsCnt","				2020-08-12 04:18:00","	62065229","	"
151,"	WinPlatform_01.AppEngine1.Engine.ExternalReferenceCnt","				2020-08-12 04:18:00","	9139","	"
152,"	WinPlatform_01.AppEngine1.Engine.IssuedExternalGetsCnt","				2020-08-12 04:18:00","	4","	"
153,"	WinPlatform_01.AppEngine1.Engine.IssuedExternalSetsCnt","				2020-08-12 04:18:00","	1054098","	"
154,"	WinPlatform_01.AppEngine1.Engine.AsyncScriptsRunningCnt","				2020-08-12 04:18:00","	0","	"
155,"	WinPlatform_01.AppEngine1.Engine.AsyncScriptsWaitingCnt","				2020-08-12 04:18:00","	3","	"
156,"	WinPlatform_01.AppEngine1.CPULoad","				2020-08-12 04:28:00","	3.125542","	"
157,"	WinPlatform_01.AppEngine1.CPULoadAvg","				2020-08-12 04:28:00","	9.871234","	"
158,"	WinPlatform_01.AppEngine1.DiskWritesAvg_1","				2020-08-12 04:28:00","	8.482106","	"
159,"	WinPlatform_01.AppEngine1.DiskReadsAvg_1","				2020-08-12 04:28:00","	0","	"
160,"	WinPlatform_01.AppEngine1.DiskBytesWriteAvg_1","				2020-08-12 04:28:00","	6115.333","	"
161,"	WinPlatform_01.AppEngine1.DiskBytesReadAvg_1","				2020-08-12 04:28:00","	0","	"
162,"	WinPlatform_01.AppEngine1.RAMAvailableAvg","				2020-08-12 04:28:00","	3227","	"
163,"	WinPlatform_01.AppEngine1.PageFaultsAvg","				2020-08-12 04:28:00","	1120.62","	"
164,"	WinPlatform_01.AppEngine1.Engine.IssuedInternalGetsCnt","				2020-08-12 04:28:00","	-2064705908","	"
165,"	WinPlatform_01.AppEngine1.Engine.IssuedInternalSetsCnt","				2020-08-12 04:28:00","	62073249","	"
166,"	WinPlatform_01.AppEngine1.Engine.ExternalReferenceCnt","				2020-08-12 04:28:00","	9139","	"
167,"	WinPlatform_01.AppEngine1.Engine.IssuedExternalGetsCnt","				2020-08-12 04:28:00","	4","	"
168,"	WinPlatform_01.AppEngine1.Engine.IssuedExternalSetsCnt","				2020-08-12 04:28:00","	1054098","	"
169,"	WinPlatform_01.AppEngine1.Engine.AsyncScriptsRunningCnt","				2020-08-12 04:28:00","	2","	"
170,"	WinPlatform_01.AppEngine1.Engine.AsyncScriptsWaitingCnt","				2020-08-12 04:28:00","	0","	"
171,"	WinPlatform_01.AppEngine1.CPULoadMax","				2020-08-12 04:37:52","	100","	"
172,"	WinPlatform_01.AppEngine1.DiskSpaceFree[1]","				2020-08-12 04:37:52","	25162","	"
173,"	WinPlatform_01.AppEngine1.Engine._ProcessId","				2020-08-12 04:37:52","	1756","	"
174,"	WinPlatform_01.AppEngine1.NetRMCDisconnectCnt","				2020-08-12 04:37:52","	0","	"
175,"	WinPlatform_01.AppEngine1.NetNMXDisconnectCnt","				2020-08-12 04:37:52","	0","	"
176,"	WinPlatform_01.AppEngine1.NetNMXHeartbeatsMissedCnt","				2020-08-12 04:37:52","	5842","	"
177,"	WinPlatform_01.AppEngine1.NetNMXHeartbeatsMissedConsecCnt","				2020-08-12 04:37:52","	1268","	"
178,"	WinPlatform_01.AppEngine1.RAM","				2020-08-12 04:37:52","	8272.91","	"
179,"	WinPlatform_01.AppEngine1.ThreadCnt","				2020-08-12 04:37:52","	2682","	"
180,"	WinPlatform_01.AppEngine1.Engine.Engine._ProcessId","				2020-08-12 04:37:52","	6040","	"
181,"	WinPlatform_01.AppEngine1.Engine.SubscribedAttrCnt","				2020-08-12 04:37:52","	351","	"
182,"	WinPlatform_01.AppEngine1.Engine.SubscriptionLocalCnt","				2020-08-12 04:37:52","	168","	"
183,"	WinPlatform_01.AppEngine1.Scheduler.ObjectCnt","				2020-08-12 04:37:52","	75","	"
184,"	WinPlatform_01.AppEngine1.Scheduler.ScanCyclesCnt","				2020-08-12 04:37:52","	24949912","	"
185,"	WinPlatform_01.AppEngine1.Scheduler.ScanOverrunsCnt","				2020-08-12 04:37:52","	2502","	"
186,"	WinPlatform_01.AppEngine1.Scheduler.TimeIdleAvg","				2020-08-12 04:37:52","	191.0635","	"
187,"	WinPlatform_01.AppEngine1.Scheduler.TimeIdleMax","				2020-08-12 04:37:52","	197.798","	"
188,"	WinPlatform_01.AppEngine1.Scheduler.TimeIdleMin","				2020-08-12 04:37:52","	0","	"
189,"	WinPlatform_01.AppEngine1.Scheduler.TimeInputAvg","				2020-08-12 04:37:52","	8.936535","	"
190,"	WinPlatform_01.AppEngine1.Scheduler.TimeOutputAvg","				2020-08-12 04:37:52","	0","	"
191,"	WinPlatform_01.AppEngine1.CPULoad","				2020-08-12 04:38:00","	6.250712","	"
192,"	WinPlatform_01.AppEngine1.CPULoadAvg","				2020-08-12 04:38:00","	11.09524","	"
193,"	WinPlatform_01.AppEngine1.DiskWritesAvg_1","				2020-08-12 04:38:00","	2.095057","	"
194,"	WinPlatform_01.AppEngine1.DiskReadsAvg_1","				2020-08-12 04:38:00","	0","	"
195,"	WinPlatform_01.AppEngine1.DiskBytesWriteAvg_1","				2020-08-12 04:38:00","	5081.397","	"
196,"	WinPlatform_01.AppEngine1.DiskBytesReadAvg_1","				2020-08-12 04:38:00","	0","	"
197,"	WinPlatform_01.AppEngine1.RAMAvailableAvg","				2020-08-12 04:38:00","	3211.55","	"
198,"	WinPlatform_01.AppEngine1.PageFaultsAvg","				2020-08-12 04:38:00","	1447.69","	"
199,"	WinPlatform_01.AppEngine1.Engine.IssuedInternalGetsCnt","				2020-08-12 04:38:00","	-2064435610","	"
200,"	WinPlatform_01.AppEngine1.Engine.IssuedInternalSetsCnt","				2020-08-12 04:38:00","	62079719","	"
201,"	WinPlatform_01.AppEngine1.Engine.ExternalReferenceCnt","				2020-08-12 04:38:00","	9139","	"
202,"	WinPlatform_01.AppEngine1.Engine.IssuedExternalGetsCnt","				2020-08-12 04:38:00","	4","	"
203,"	WinPlatform_01.AppEngine1.Engine.IssuedExternalSetsCnt","				2020-08-12 04:38:00","	1054098","	"
204,"	WinPlatform_01.AppEngine1.Engine.AsyncScriptsRunningCnt","				2020-08-12 04:38:00","	4","	"
205,"	WinPlatform_01.AppEngine1.Engine.AsyncScriptsWaitingCnt","				2020-08-12 04:38:00","	0","	"
206,"	WinPlatform_01.AppEngine1.CPULoad","				2020-08-12 04:48:00","	5.463727","	"
207,"	WinPlatform_01.AppEngine1.CPULoadAvg","				2020-08-12 04:48:00","	10.78261","	"
208,"	WinPlatform_01.AppEngine1.DiskWritesAvg_1","				2020-08-12 04:48:00","	8.416494","	"
209,"	WinPlatform_01.AppEngine1.DiskReadsAvg_1","				2020-08-12 04:48:00","	0","	"
210,"	WinPlatform_01.AppEngine1.DiskBytesWriteAvg_1","				2020-08-12 04:48:00","	5144.482","	"
211,"	WinPlatform_01.AppEngine1.DiskBytesReadAvg_1","				2020-08-12 04:48:00","	0","	"
212,"	WinPlatform_01.AppEngine1.RAMAvailableAvg","				2020-08-12 04:48:00","	3234.4","	"
213,"	WinPlatform_01.AppEngine1.PageFaultsAvg","				2020-08-12 04:48:00","	1096.285","	"
214,"	WinPlatform_01.AppEngine1.Engine.IssuedInternalGetsCnt","				2020-08-12 04:48:00","	-2064165332","	"
215,"	WinPlatform_01.AppEngine1.Engine.IssuedInternalSetsCnt","				2020-08-12 04:48:00","	62086115","	"
216,"	WinPlatform_01.AppEngine1.Engine.ExternalReferenceCnt","				2020-08-12 04:48:00","	9139","	"
217,"	WinPlatform_01.AppEngine1.Engine.IssuedExternalGetsCnt","				2020-08-12 04:48:00","	4","	"
218,"	WinPlatform_01.AppEngine1.Engine.IssuedExternalSetsCnt","				2020-08-12 04:48:00","	1054098","	"
219,"	WinPlatform_01.AppEngine1.Engine.AsyncScriptsRunningCnt","				2020-08-12 04:48:00","	2","	"
220,"	WinPlatform_01.AppEngine1.Engine.AsyncScriptsWaitingCnt","				2020-08-12 04:48:00","	0","	"
221,"	WinPlatform_01.AppEngine1.CPULoad","				2020-08-12 04:58:00","	6.250787","	"
222,"	WinPlatform_01.AppEngine1.CPULoadAvg","				2020-08-12 04:58:00","	9.923349","	"
223,"	WinPlatform_01.AppEngine1.DiskWritesAvg_1","				2020-08-12 04:58:00","	8.800312","	"
224,"	WinPlatform_01.AppEngine1.DiskReadsAvg_1","				2020-08-12 04:58:00","	0","	"
225,"	WinPlatform_01.AppEngine1.DiskBytesWriteAvg_1","				2020-08-12 04:58:00","	4535.467","	"
226,"	WinPlatform_01.AppEngine1.DiskBytesReadAvg_1","				2020-08-12 04:58:00","	0","	"
227,"	WinPlatform_01.AppEngine1.RAMAvailableAvg","				2020-08-12 04:58:00","	3185.25","	"
228,"	WinPlatform_01.AppEngine1.PageFaultsAvg","				2020-08-12 04:58:00","	1239.15","	"
229,"	WinPlatform_01.AppEngine1.Engine.IssuedInternalGetsCnt","				2020-08-12 04:58:00","	-2063895060","	"
230,"	WinPlatform_01.AppEngine1.Engine.IssuedInternalSetsCnt","				2020-08-12 04:58:00","	62092128","	"
231,"	WinPlatform_01.AppEngine1.Engine.ExternalReferenceCnt","				2020-08-12 04:58:00","	9139","	"
232,"	WinPlatform_01.AppEngine1.Engine.IssuedExternalGetsCnt","				2020-08-12 04:58:00","	4","	"
233,"	WinPlatform_01.AppEngine1.Engine.IssuedExternalSetsCnt","				2020-08-12 04:58:00","	1054098","	"
234,"	WinPlatform_01.AppEngine1.Engine.AsyncScriptsRunningCnt","				2020-08-12 04:58:00","	4","	"
235,"	WinPlatform_01.AppEngine1.Engine.AsyncScriptsWaitingCnt","				2020-08-12 04:58:00","	0","	"
236,"	WinPlatform_01.AppEngine1.CPULoad","				2020-08-12 05:08:00","	1.565906","	"
237,"	WinPlatform_01.AppEngine1.CPULoadAvg","				2020-08-12 05:08:00","	10.39202","	"
238,"	WinPlatform_01.AppEngine1.DiskWritesAvg_1","				2020-08-12 05:08:00","	1.897511","	"
239,"	WinPlatform_01.AppEngine1.DiskReadsAvg_1","				2020-08-12 05:08:00","	0","	"
240,"	WinPlatform_01.AppEngine1.DiskBytesWriteAvg_1","				2020-08-12 05:08:00","	4433.067","	"
241,"	WinPlatform_01.AppEngine1.DiskBytesReadAvg_1","				2020-08-12 05:08:00","	0","	"
242,"	WinPlatform_01.AppEngine1.RAMAvailableAvg","				2020-08-12 05:08:00","	3232.75","	"
243,"	WinPlatform_01.AppEngine1.PageFaultsAvg","				2020-08-12 05:08:00","	1212.007","	"
244,"	WinPlatform_01.AppEngine1.Engine.IssuedInternalGetsCnt","				2020-08-12 05:08:00","	-2063624785","	"
245,"	WinPlatform_01.AppEngine1.Engine.IssuedInternalSetsCnt","				2020-08-12 05:08:00","	62098462","	"
246,"	WinPlatform_01.AppEngine1.Engine.ExternalReferenceCnt","				2020-08-12 05:08:00","	9139","	"
247,"	WinPlatform_01.AppEngine1.Engine.IssuedExternalGetsCnt","				2020-08-12 05:08:00","	4","	"
248,"	WinPlatform_01.AppEngine1.Engine.IssuedExternalSetsCnt","				2020-08-12 05:08:00","	1054098","	"
249,"	WinPlatform_01.AppEngine1.Engine.AsyncScriptsRunningCnt","				2020-08-12 05:08:00","	3","	"
250,"	WinPlatform_01.AppEngine1.Engine.AsyncScriptsWaitingCnt","				2020-08-12 05:08:00","	0","	"
251,"	WinPlatform_01.AppEngine1.CPULoad","				2020-08-12 05:18:00","	3.913322","	"
252,"	WinPlatform_01.AppEngine1.CPULoadAvg","				2020-08-12 05:18:00","	10.78261","	"
253,"	WinPlatform_01.AppEngine1.DiskWritesAvg_1","				2020-08-12 05:18:00","	8.813252","	"
254,"	WinPlatform_01.AppEngine1.DiskReadsAvg_1","				2020-08-12 05:18:00","	0","	"
255,"	WinPlatform_01.AppEngine1.DiskBytesWriteAvg_1","				2020-08-12 05:18:00","	5772.374","	"
256,"	WinPlatform_01.AppEngine1.DiskBytesReadAvg_1","				2020-08-12 05:18:00","	0","	"
257,"	WinPlatform_01.AppEngine1.RAMAvailableAvg","				2020-08-12 05:18:00","	3247.6","	"
258,"	WinPlatform_01.AppEngine1.PageFaultsAvg","				2020-08-12 05:18:00","	1075.304","	"
259,"	WinPlatform_01.AppEngine1.Engine.IssuedInternalGetsCnt","				2020-08-12 05:18:00","	-2063354511","	"
260,"	WinPlatform_01.AppEngine1.Engine.IssuedInternalSetsCnt","				2020-08-12 05:18:00","	62104535","	"
261,"	WinPlatform_01.AppEngine1.Engine.ExternalReferenceCnt","				2020-08-12 05:18:00","	9139","	"
262,"	WinPlatform_01.AppEngine1.Engine.IssuedExternalGetsCnt","				2020-08-12 05:18:00","	4","	"
263,"	WinPlatform_01.AppEngine1.Engine.IssuedExternalSetsCnt","				2020-08-12 05:18:00","	1054098","	"
264,"	WinPlatform_01.AppEngine1.Engine.AsyncScriptsRunningCnt","				2020-08-12 05:18:00","	0","	"
265,"	WinPlatform_01.AppEngine1.Engine.AsyncScriptsWaitingCnt","				2020-08-12 05:18:00","	4","	"
266,"	WinPlatform_01.AppEngine1.CPULoad","				2020-08-12 05:28:00","	14.84789","	"
267,"	WinPlatform_01.AppEngine1.CPULoadAvg","				2020-08-12 05:28:00","	9.767036","	"
268,"	WinPlatform_01.AppEngine1.DiskWritesAvg_1","				2020-08-12 05:28:00","	8.702658","	"
269,"	WinPlatform_01.AppEngine1.DiskReadsAvg_1","				2020-08-12 05:28:00","	0","	"
270,"	WinPlatform_01.AppEngine1.DiskBytesWriteAvg_1","				2020-08-12 05:28:00","	5127.182","	"
271,"	WinPlatform_01.AppEngine1.DiskBytesReadAvg_1","				2020-08-12 05:28:00","	0","	"
272,"	WinPlatform_01.AppEngine1.RAMAvailableAvg","				2020-08-12 05:28:00","	3172.15","	"
273,"	WinPlatform_01.AppEngine1.PageFaultsAvg","				2020-08-12 05:28:00","	1307.991","	"
274,"	WinPlatform_01.AppEngine1.Engine.IssuedInternalGetsCnt","				2020-08-12 05:28:00","	-2063084318","	"
275,"	WinPlatform_01.AppEngine1.Engine.IssuedInternalSetsCnt","				2020-08-12 05:28:00","	62110698","	"
276,"	WinPlatform_01.AppEngine1.Engine.ExternalReferenceCnt","				2020-08-12 05:28:00","	9139","	"
277,"	WinPlatform_01.AppEngine1.Engine.IssuedExternalGetsCnt","				2020-08-12 05:28:00","	4","	"
278,"	WinPlatform_01.AppEngine1.Engine.IssuedExternalSetsCnt","				2020-08-12 05:28:00","	1054100","	"
279,"	WinPlatform_01.AppEngine1.Engine.AsyncScriptsRunningCnt","				2020-08-12 05:28:00","	2","	"
280,"	WinPlatform_01.AppEngine1.Engine.AsyncScriptsWaitingCnt","				2020-08-12 05:28:00","	0","	"
281,"	WinPlatform_01.AppEngine1.CPULoadMax","				2020-08-12 05:37:53","	100","	"
282,"	WinPlatform_01.AppEngine1.DiskSpaceFree[1]","				2020-08-12 05:37:53","	25160","	"
283,"	WinPlatform_01.AppEngine1.Engine._ProcessId","				2020-08-12 05:37:53","	1756","	"
284,"	WinPlatform_01.AppEngine1.NetRMCDisconnectCnt","				2020-08-12 05:37:53","	0","	"
285,"	WinPlatform_01.AppEngine1.NetNMXDisconnectCnt","				2020-08-12 05:37:53","	0","	"
286,"	WinPlatform_01.AppEngine1.NetNMXHeartbeatsMissedCnt","				2020-08-12 05:37:53","	5843","	"
287,"	WinPlatform_01.AppEngine1.NetNMXHeartbeatsMissedConsecCnt","				2020-08-12 05:37:53","	1268","	"
288,"	WinPlatform_01.AppEngine1.RAM","				2020-08-12 05:37:53","	8272.91","	"
289,"	WinPlatform_01.AppEngine1.ThreadCnt","				2020-08-12 05:37:53","	2688","	"
290,"	WinPlatform_01.AppEngine1.Engine.Engine._ProcessId","				2020-08-12 05:37:53","	6040","	"
291,"	WinPlatform_01.AppEngine1.Engine.SubscribedAttrCnt","				2020-08-12 05:37:53","	351","	"
292,"	WinPlatform_01.AppEngine1.Engine.SubscriptionLocalCnt","				2020-08-12 05:37:53","	168","	"
293,"	WinPlatform_01.AppEngine1.Scheduler.ObjectCnt","				2020-08-12 05:37:53","	75","	"
294,"	WinPlatform_01.AppEngine1.Scheduler.ScanCyclesCnt","				2020-08-12 05:37:53","	24967914","	"
295,"	WinPlatform_01.AppEngine1.Scheduler.ScanOverrunsCnt","				2020-08-12 05:37:53","	2503","	"
296,"	WinPlatform_01.AppEngine1.Scheduler.TimeIdleAvg","				2020-08-12 05:37:53","	191.373","	"
297,"	WinPlatform_01.AppEngine1.Scheduler.TimeIdleMax","				2020-08-12 05:37:53","	197.798","	"
298,"	WinPlatform_01.AppEngine1.Scheduler.TimeIdleMin","				2020-08-12 05:37:53","	0","	"
299,"	WinPlatform_01.AppEngine1.Scheduler.TimeInputAvg","				2020-08-12 05:37:53","	8.627027","	"
300,"	WinPlatform_01.AppEngine1.Scheduler.TimeOutputAvg","				2020-08-12 05:37:53","	0","	"
301,"	WinPlatform_01.AppEngine1.CPULoad","				2020-08-12 05:38:00","	12.50122","	"
302,"	WinPlatform_01.AppEngine1.CPULoadAvg","				2020-08-12 05:38:00","	10.43106","	"
303,"	WinPlatform_01.AppEngine1.DiskWritesAvg_1","				2020-08-12 05:38:00","	2.103721","	"
304,"	WinPlatform_01.AppEngine1.DiskReadsAvg_1","				2020-08-12 05:38:00","	0","	"
305,"	WinPlatform_01.AppEngine1.DiskBytesWriteAvg_1","				2020-08-12 05:38:00","	4992","	"
306,"	WinPlatform_01.AppEngine1.DiskBytesReadAvg_1","				2020-08-12 05:38:00","	0","	"
307,"	WinPlatform_01.AppEngine1.RAMAvailableAvg","				2020-08-12 05:38:00","	3207.9","	"
308,"	WinPlatform_01.AppEngine1.PageFaultsAvg","				2020-08-12 05:38:00","	1258.2","	"
309,"	WinPlatform_01.AppEngine1.Engine.IssuedInternalGetsCnt","				2020-08-12 05:38:00","	-2062814013","	"
310,"	WinPlatform_01.AppEngine1.Engine.IssuedInternalSetsCnt","				2020-08-12 05:38:00","	62117189","	"
311,"	WinPlatform_01.AppEngine1.Engine.ExternalReferenceCnt","				2020-08-12 05:38:00","	9139","	"
312,"	WinPlatform_01.AppEngine1.Engine.IssuedExternalGetsCnt","				2020-08-12 05:38:00","	4","	"
313,"	WinPlatform_01.AppEngine1.Engine.IssuedExternalSetsCnt","				2020-08-12 05:38:00","	1054101","	"
314,"	WinPlatform_01.AppEngine1.Engine.AsyncScriptsRunningCnt","				2020-08-12 05:38:00","	0","	"
315,"	WinPlatform_01.AppEngine1.Engine.AsyncScriptsWaitingCnt","				2020-08-12 05:38:00","	2","	"
316,"	WinPlatform_01.AppEngine1.CPULoad","				2020-08-12 05:48:00","	14.84557","	"
317,"	WinPlatform_01.AppEngine1.CPULoadAvg","				2020-08-12 05:48:00","	9.571709","	"
318,"	WinPlatform_01.AppEngine1.DiskWritesAvg_1","				2020-08-12 05:48:00","	7.828819","	"
319,"	WinPlatform_01.AppEngine1.DiskReadsAvg_1","				2020-08-12 05:48:00","	0","	"
320,"	WinPlatform_01.AppEngine1.DiskBytesWriteAvg_1","				2020-08-12 05:48:00","	7621.034","	"
321,"	WinPlatform_01.AppEngine1.DiskBytesReadAvg_1","				2020-08-12 05:48:00","	0","	"
322,"	WinPlatform_01.AppEngine1.RAMAvailableAvg","				2020-08-12 05:48:00","	3238.95","	"
323,"	WinPlatform_01.AppEngine1.PageFaultsAvg","				2020-08-12 05:48:00","	1032.203","	"
324,"	WinPlatform_01.AppEngine1.Engine.IssuedInternalGetsCnt","				2020-08-12 05:48:00","	-2062543737","	"
325,"	WinPlatform_01.AppEngine1.Engine.IssuedInternalSetsCnt","				2020-08-12 05:48:00","	62123125","	"
326,"	WinPlatform_01.AppEngine1.Engine.ExternalReferenceCnt","				2020-08-12 05:48:00","	9139","	"
327,"	WinPlatform_01.AppEngine1.Engine.IssuedExternalGetsCnt","				2020-08-12 05:48:00","	4","	"
328,"	WinPlatform_01.AppEngine1.Engine.IssuedExternalSetsCnt","				2020-08-12 05:48:00","	1054101","	"
329,"	WinPlatform_01.AppEngine1.Engine.AsyncScriptsRunningCnt","				2020-08-12 05:48:00","	0","	"
330,"	WinPlatform_01.AppEngine1.Engine.AsyncScriptsWaitingCnt","				2020-08-12 05:48:00","	2","	"
331,"	WinPlatform_01.AppEngine1.CPULoad","				2020-08-12 05:58:00","	13.28343","	"
332,"	WinPlatform_01.AppEngine1.CPULoadAvg","				2020-08-12 05:58:00","	10.95016","	"
333,"	WinPlatform_01.AppEngine1.DiskWritesAvg_1","				2020-08-12 05:58:00","	8.241137","	"
334,"	WinPlatform_01.AppEngine1.DiskReadsAvg_1","				2020-08-12 05:58:00","	0","	"
335,"	WinPlatform_01.AppEngine1.DiskBytesWriteAvg_1","				2020-08-12 05:58:00","	4909.77","	"
336,"	WinPlatform_01.AppEngine1.DiskBytesReadAvg_1","				2020-08-12 05:58:00","	0","	"
337,"	WinPlatform_01.AppEngine1.RAMAvailableAvg","				2020-08-12 05:58:00","	3229.4","	"
338,"	WinPlatform_01.AppEngine1.PageFaultsAvg","				2020-08-12 05:58:00","	1255.999","	"
339,"	WinPlatform_01.AppEngine1.Engine.IssuedInternalGetsCnt","				2020-08-12 05:58:00","	-2062273469","	"
340,"	WinPlatform_01.AppEngine1.Engine.IssuedInternalSetsCnt","				2020-08-12 05:58:00","	62129009","	"
341,"	WinPlatform_01.AppEngine1.Engine.ExternalReferenceCnt","				2020-08-12 05:58:00","	9139","	"
342,"	WinPlatform_01.AppEngine1.Engine.IssuedExternalGetsCnt","				2020-08-12 05:58:00","	4","	"
343,"	WinPlatform_01.AppEngine1.Engine.IssuedExternalSetsCnt","				2020-08-12 05:58:00","	1054101","	"
344,"	WinPlatform_01.AppEngine1.Engine.AsyncScriptsRunningCnt","				2020-08-12 05:58:00","	0","	"
345,"	WinPlatform_01.AppEngine1.Engine.AsyncScriptsWaitingCnt","				2020-08-12 05:58:00","	3","	"
346,"	WinPlatform_01.AppEngine1.CPULoad","				2020-08-12 06:08:00","	12.50156","	"
347,"	WinPlatform_01.AppEngine1.CPULoadAvg","				2020-08-12 06:08:00","	10.1186","	"
348,"	WinPlatform_01.AppEngine1.DiskWritesAvg_1","				2020-08-12 06:08:00","	1.803014","	"
349,"	WinPlatform_01.AppEngine1.DiskReadsAvg_1","				2020-08-12 06:08:00","	0","	"
350,"	WinPlatform_01.AppEngine1.DiskBytesWriteAvg_1","				2020-08-12 06:08:00","	4731.733","	"
351,"	WinPlatform_01.AppEngine1.DiskBytesReadAvg_1","				2020-08-12 06:08:00","	0","	"
352,"	WinPlatform_01.AppEngine1.RAMAvailableAvg","				2020-08-12 06:08:00","	3231.95","	"
353,"	WinPlatform_01.AppEngine1.PageFaultsAvg","				2020-08-12 06:08:00","	1216.954","	"
354,"	WinPlatform_01.AppEngine1.Engine.IssuedInternalGetsCnt","				2020-08-12 06:08:00","	-2062003192","	"
355,"	WinPlatform_01.AppEngine1.Engine.IssuedInternalSetsCnt","				2020-08-12 06:08:00","	62135241","	"
356,"	WinPlatform_01.AppEngine1.Engine.ExternalReferenceCnt","				2020-08-12 06:08:00","	9139","	"
357,"	WinPlatform_01.AppEngine1.Engine.IssuedExternalGetsCnt","				2020-08-12 06:08:00","	4","	"
358,"	WinPlatform_01.AppEngine1.Engine.IssuedExternalSetsCnt","				2020-08-12 06:08:00","	1054101","	"
359,"	WinPlatform_01.AppEngine1.Engine.AsyncScriptsRunningCnt","				2020-08-12 06:08:00","	2","	"
360,"	WinPlatform_01.AppEngine1.Engine.AsyncScriptsWaitingCnt","				2020-08-12 06:08:00","	0","	"
361,"	WinPlatform_01.AppEngine1.CPULoad","				2020-08-12 06:18:00","	14.06442","	"
362,"	WinPlatform_01.AppEngine1.CPULoadAvg","				2020-08-12 06:18:00","	12.155","	"
363,"	WinPlatform_01.AppEngine1.DiskWritesAvg_1","				2020-08-12 06:18:00","	8.641676","	"
364,"	WinPlatform_01.AppEngine1.DiskReadsAvg_1","				2020-08-12 06:18:00","	0","	"
365,"	WinPlatform_01.AppEngine1.DiskBytesWriteAvg_1","				2020-08-12 06:18:00","	5662.977","	"
366,"	WinPlatform_01.AppEngine1.DiskBytesReadAvg_1","				2020-08-12 06:18:00","	0","	"
367,"	WinPlatform_01.AppEngine1.RAMAvailableAvg","				2020-08-12 06:18:00","	3252.65","	"
368,"	WinPlatform_01.AppEngine1.PageFaultsAvg","				2020-08-12 06:18:00","	1067.001","	"
369,"	WinPlatform_01.AppEngine1.Engine.IssuedInternalGetsCnt","				2020-08-12 06:18:00","	-2061732918","	"
370,"	WinPlatform_01.AppEngine1.Engine.IssuedInternalSetsCnt","				2020-08-12 06:18:00","	62141216","	"
371,"	WinPlatform_01.AppEngine1.Engine.ExternalReferenceCnt","				2020-08-12 06:18:00","	9139","	"
372,"	WinPlatform_01.AppEngine1.Engine.IssuedExternalGetsCnt","				2020-08-12 06:18:00","	4","	"
373,"	WinPlatform_01.AppEngine1.Engine.IssuedExternalSetsCnt","				2020-08-12 06:18:00","	1054101","	"
374,"	WinPlatform_01.AppEngine1.Engine.AsyncScriptsRunningCnt","				2020-08-12 06:18:00","	0","	"
375,"	WinPlatform_01.AppEngine1.Engine.AsyncScriptsWaitingCnt","				2020-08-12 06:18:00","	2","	"
376,"	WinPlatform_01.AppEngine1.CPULoad","				2020-08-12 06:28:00","	14.84494","	"
377,"	WinPlatform_01.AppEngine1.CPULoadAvg","				2020-08-12 06:28:00","	10.43127","	"
378,"	WinPlatform_01.AppEngine1.DiskWritesAvg_1","				2020-08-12 06:28:00","	8.510157","	"
379,"	WinPlatform_01.AppEngine1.DiskReadsAvg_1","				2020-08-12 06:28:00","	0","	"
380,"	WinPlatform_01.AppEngine1.DiskBytesWriteAvg_1","				2020-08-12 06:28:00","	6289.084","	"
381,"	WinPlatform_01.AppEngine1.DiskBytesReadAvg_1","				2020-08-12 06:28:00","	0","	"
382,"	WinPlatform_01.AppEngine1.RAMAvailableAvg","				2020-08-12 06:28:00","	3172.25","	"
383,"	WinPlatform_01.AppEngine1.PageFaultsAvg","				2020-08-12 06:28:00","	1233.84","	"
384,"	WinPlatform_01.AppEngine1.Engine.IssuedInternalGetsCnt","				2020-08-12 06:28:00","	-2061462617","	"
385,"	WinPlatform_01.AppEngine1.Engine.IssuedInternalSetsCnt","				2020-08-12 06:28:00","	62147295","	"
386,"	WinPlatform_01.AppEngine1.Engine.ExternalReferenceCnt","				2020-08-12 06:28:00","	9139","	"
387,"	WinPlatform_01.AppEngine1.Engine.IssuedExternalGetsCnt","				2020-08-12 06:28:00","	4","	"
388,"	WinPlatform_01.AppEngine1.Engine.IssuedExternalSetsCnt","				2020-08-12 06:28:00","	1054110","	"
389,"	WinPlatform_01.AppEngine1.Engine.AsyncScriptsRunningCnt","				2020-08-12 06:28:00","	2","	"
390,"	WinPlatform_01.AppEngine1.Engine.AsyncScriptsWaitingCnt","				2020-08-12 06:28:00","	0","	"
391,"	WinPlatform_01.AppEngine1.CPULoadMax","				2020-08-12 06:37:53","	100","	"
392,"	WinPlatform_01.AppEngine1.DiskSpaceFree[1]","				2020-08-12 06:37:53","	25193","	"
393,"	WinPlatform_01.AppEngine1.Engine._ProcessId","				2020-08-12 06:37:53","	1756","	"
394,"	WinPlatform_01.AppEngine1.NetRMCDisconnectCnt","				2020-08-12 06:37:53","	0","	"
395,"	WinPlatform_01.AppEngine1.NetNMXDisconnectCnt","				2020-08-12 06:37:53","	0","	"
396,"	WinPlatform_01.AppEngine1.NetNMXHeartbeatsMissedCnt","				2020-08-12 06:37:53","	5843","	"
397,"	WinPlatform_01.AppEngine1.NetNMXHeartbeatsMissedConsecCnt","				2020-08-12 06:37:53","	1268","	"
398,"	WinPlatform_01.AppEngine1.RAM","				2020-08-12 06:37:53","	8272.91","	"
399,"	WinPlatform_01.AppEngine1.ThreadCnt","				2020-08-12 06:37:53","	2694","	"
400,"	WinPlatform_01.AppEngine1.Engine.Engine._ProcessId","				2020-08-12 06:37:53","	6040","	"
401,"	WinPlatform_01.AppEngine1.Engine.SubscribedAttrCnt","				2020-08-12 06:37:53","	351","	"
402,"	WinPlatform_01.AppEngine1.Engine.SubscriptionLocalCnt","				2020-08-12 06:37:53","	168","	"
403,"	WinPlatform_01.AppEngine1.Scheduler.ObjectCnt","				2020-08-12 06:37:53","	75","	"
404,"	WinPlatform_01.AppEngine1.Scheduler.ScanCyclesCnt","				2020-08-12 06:37:53","	24985917","	"
405,"	WinPlatform_01.AppEngine1.Scheduler.ScanOverrunsCnt","				2020-08-12 06:37:53","	2503","	"
406,"	WinPlatform_01.AppEngine1.Scheduler.TimeIdleAvg","				2020-08-12 06:37:53","	191.0638","	"
407,"	WinPlatform_01.AppEngine1.Scheduler.TimeIdleMax","				2020-08-12 06:37:53","	197.798","	"
408,"	WinPlatform_01.AppEngine1.Scheduler.TimeIdleMin","				2020-08-12 06:37:53","	0","	"
409,"	WinPlatform_01.AppEngine1.Scheduler.TimeInputAvg","				2020-08-12 06:37:53","	8.936207","	"
410,"	WinPlatform_01.AppEngine1.Scheduler.TimeOutputAvg","				2020-08-12 06:37:53","	0","	"
411,"	WinPlatform_01.AppEngine1.CPULoad","				2020-08-12 06:38:00","	13.28222","	"
412,"	WinPlatform_01.AppEngine1.CPULoadAvg","				2020-08-12 06:38:00","	10.11867","	"
413,"	WinPlatform_01.AppEngine1.DiskWritesAvg_1","				2020-08-12 06:38:00","	2.804412","	"
414,"	WinPlatform_01.AppEngine1.DiskReadsAvg_1","				2020-08-12 06:38:00","	0","	"
415,"	WinPlatform_01.AppEngine1.DiskBytesWriteAvg_1","				2020-08-12 06:38:00","	8460.8","	"
416,"	WinPlatform_01.AppEngine1.DiskBytesReadAvg_1","				2020-08-12 06:38:00","	0","	"
417,"	WinPlatform_01.AppEngine1.RAMAvailableAvg","				2020-08-12 06:38:00","	3206.85","	"
418,"	WinPlatform_01.AppEngine1.PageFaultsAvg","				2020-08-12 06:38:00","	1096.129","	"
419,"	WinPlatform_01.AppEngine1.Engine.IssuedInternalGetsCnt","				2020-08-12 06:38:00","	-2061192246","	"
420,"	WinPlatform_01.AppEngine1.Engine.IssuedInternalSetsCnt","				2020-08-12 06:38:00","	62154015","	"
421,"	WinPlatform_01.AppEngine1.Engine.ExternalReferenceCnt","				2020-08-12 06:38:00","	9139","	"
422,"	WinPlatform_01.AppEngine1.Engine.IssuedExternalGetsCnt","				2020-08-12 06:38:00","	4","	"
423,"	WinPlatform_01.AppEngine1.Engine.IssuedExternalSetsCnt","				2020-08-12 06:38:00","	1054131","	"
424,"	WinPlatform_01.AppEngine1.Engine.AsyncScriptsRunningCnt","				2020-08-12 06:38:00","	0","	"
425,"	WinPlatform_01.AppEngine1.Engine.AsyncScriptsWaitingCnt","				2020-08-12 06:38:00","	3","	"
426,"	WinPlatform_01.AppEngine1.CPULoad","				2020-08-12 06:48:01","	14.58257","	"
427,"	WinPlatform_01.AppEngine1.CPULoadAvg","				2020-08-12 06:48:01","	11.38767","	"
428,"	WinPlatform_01.AppEngine1.DiskWritesAvg_1","				2020-08-12 06:48:01","	15.05898","	"
429,"	WinPlatform_01.AppEngine1.DiskReadsAvg_1","				2020-08-12 06:48:01","	0","	"
430,"	WinPlatform_01.AppEngine1.DiskBytesWriteAvg_1","				2020-08-12 06:48:01","	9441.358","	"
431,"	WinPlatform_01.AppEngine1.DiskBytesReadAvg_1","				2020-08-12 06:48:01","	0","	"
432,"	WinPlatform_01.AppEngine1.RAMAvailableAvg","				2020-08-12 06:48:01","	3225.75","	"
433,"	WinPlatform_01.AppEngine1.PageFaultsAvg","				2020-08-12 06:48:01","	1664.267","	"
434,"	WinPlatform_01.AppEngine1.Engine.IssuedInternalGetsCnt","				2020-08-12 06:48:01","	-2060921314","	"
435,"	WinPlatform_01.AppEngine1.Engine.IssuedInternalSetsCnt","				2020-08-12 06:48:01","	62160897","	"
436,"	WinPlatform_01.AppEngine1.Engine.ExternalReferenceCnt","				2020-08-12 06:48:01","	9139","	"
437,"	WinPlatform_01.AppEngine1.Engine.IssuedExternalGetsCnt","				2020-08-12 06:48:01","	4","	"
438,"	WinPlatform_01.AppEngine1.Engine.IssuedExternalSetsCnt","				2020-08-12 06:48:01","	1054283","	"
439,"	WinPlatform_01.AppEngine1.Engine.AsyncScriptsRunningCnt","				2020-08-12 06:48:01","	5","	"
440,"	WinPlatform_01.AppEngine1.Engine.AsyncScriptsWaitingCnt","				2020-08-12 06:48:01","	0","	"
441,"	WinPlatform_01.AppEngine1.CPULoad","				2020-08-12 06:58:01","	18.54911","	"
442,"	WinPlatform_01.AppEngine1.CPULoadAvg","				2020-08-12 06:58:01","	12.25332","	"
443,"	WinPlatform_01.AppEngine1.DiskWritesAvg_1","				2020-08-12 06:58:01","	3.904852","	"
444,"	WinPlatform_01.AppEngine1.DiskReadsAvg_1","				2020-08-12 06:58:01","	0","	"
445,"	WinPlatform_01.AppEngine1.DiskBytesWriteAvg_1","				2020-08-12 06:58:01","	7293.562","	"
446,"	WinPlatform_01.AppEngine1.DiskBytesReadAvg_1","				2020-08-12 06:58:01","	0","	"
447,"	WinPlatform_01.AppEngine1.RAMAvailableAvg","				2020-08-12 06:58:01","	3151","	"
448,"	WinPlatform_01.AppEngine1.PageFaultsAvg","				2020-08-12 06:58:01","	1476.505","	"
449,"	WinPlatform_01.AppEngine1.Engine.IssuedInternalGetsCnt","				2020-08-12 06:58:01","	-2060650069","	"
450,"	WinPlatform_01.AppEngine1.Engine.IssuedInternalSetsCnt","				2020-08-12 06:58:01","	62167325","	"
451,"	WinPlatform_01.AppEngine1.Engine.ExternalReferenceCnt","				2020-08-12 06:58:01","	9139","	"
452,"	WinPlatform_01.AppEngine1.Engine.IssuedExternalGetsCnt","				2020-08-12 06:58:01","	4","	"
453,"	WinPlatform_01.AppEngine1.Engine.IssuedExternalSetsCnt","				2020-08-12 06:58:01","	1054467","	"
454,"	WinPlatform_01.AppEngine1.Engine.AsyncScriptsRunningCnt","				2020-08-12 06:58:01","	0","	"
455,"	WinPlatform_01.AppEngine1.Engine.AsyncScriptsWaitingCnt","				2020-08-12 06:58:01","	2","	"
456,"	WinPlatform_01.AppEngine1.CPULoad","				2020-08-12 07:08:01","	16.96715","	"
457,"	WinPlatform_01.AppEngine1.CPULoadAvg","				2020-08-12 07:08:01","	13.02729","	"
458,"	WinPlatform_01.AppEngine1.DiskWritesAvg_1","				2020-08-12 07:08:01","	30.24947","	"
459,"	WinPlatform_01.AppEngine1.DiskReadsAvg_1","				2020-08-12 07:08:01","	0","	"
460,"	WinPlatform_01.AppEngine1.DiskBytesWriteAvg_1","				2020-08-12 07:08:01","	9360.781","	"
461,"	WinPlatform_01.AppEngine1.DiskBytesReadAvg_1","				2020-08-12 07:08:01","	0","	"
462,"	WinPlatform_01.AppEngine1.RAMAvailableAvg","				2020-08-12 07:08:01","	3158.85","	"
463,"	WinPlatform_01.AppEngine1.PageFaultsAvg","				2020-08-12 07:08:01","	1434.646","	"
464,"	WinPlatform_01.AppEngine1.Engine.IssuedInternalGetsCnt","				2020-08-12 07:08:01","	-2060378698","	"
465,"	WinPlatform_01.AppEngine1.Engine.IssuedInternalSetsCnt","				2020-08-12 07:08:01","	62173744","	"
466,"	WinPlatform_01.AppEngine1.Engine.ExternalReferenceCnt","				2020-08-12 07:08:01","	9139","	"
467,"	WinPlatform_01.AppEngine1.Engine.IssuedExternalGetsCnt","				2020-08-12 07:08:01","	4","	"
468,"	WinPlatform_01.AppEngine1.Engine.IssuedExternalSetsCnt","				2020-08-12 07:08:01","	1054669","	"
469,"	WinPlatform_01.AppEngine1.Engine.AsyncScriptsRunningCnt","				2020-08-12 07:08:01","	0","	"
470,"	WinPlatform_01.AppEngine1.Engine.AsyncScriptsWaitingCnt","				2020-08-12 07:08:01","	2","	"
471,"	WinPlatform_01.AppEngine1.CPULoad","				2020-08-12 07:18:01","	11.66729","	"
472,"	WinPlatform_01.AppEngine1.CPULoadAvg","				2020-08-12 07:18:01","	11.92596","	"
473,"	WinPlatform_01.AppEngine1.DiskWritesAvg_1","				2020-08-12 07:18:01","	3.543332","	"
474,"	WinPlatform_01.AppEngine1.DiskReadsAvg_1","				2020-08-12 07:18:01","	0","	"
475,"	WinPlatform_01.AppEngine1.DiskBytesWriteAvg_1","				2020-08-12 07:18:01","	6611.911","	"
476,"	WinPlatform_01.AppEngine1.DiskBytesReadAvg_1","				2020-08-12 07:18:01","	0","	"
477,"	WinPlatform_01.AppEngine1.RAMAvailableAvg","				2020-08-12 07:18:01","	3222.05","	"
478,"	WinPlatform_01.AppEngine1.PageFaultsAvg","				2020-08-12 07:18:01","	1526.714","	"
479,"	WinPlatform_01.AppEngine1.Engine.IssuedInternalGetsCnt","				2020-08-12 07:18:01","	-2060107340","	"
480,"	WinPlatform_01.AppEngine1.Engine.IssuedInternalSetsCnt","				2020-08-12 07:18:01","	62180171","	"
481,"	WinPlatform_01.AppEngine1.Engine.ExternalReferenceCnt","				2020-08-12 07:18:01","	9139","	"
482,"	WinPlatform_01.AppEngine1.Engine.IssuedExternalGetsCnt","				2020-08-12 07:18:01","	4","	"
483,"	WinPlatform_01.AppEngine1.Engine.IssuedExternalSetsCnt","				2020-08-12 07:18:01","	1054855","	"
484,"	WinPlatform_01.AppEngine1.Engine.AsyncScriptsRunningCnt","				2020-08-12 07:18:01","	0","	"
485,"	WinPlatform_01.AppEngine1.Engine.AsyncScriptsWaitingCnt","				2020-08-12 07:18:01","	3","	"
486,"	WinPlatform_01.AppEngine1.CPULoad","				2020-08-12 07:28:01","	14.51754","	"
487,"	WinPlatform_01.AppEngine1.CPULoadAvg","				2020-08-12 07:28:01","	13.28766","	"
488,"	WinPlatform_01.AppEngine1.DiskWritesAvg_1","				2020-08-12 07:28:01","	11.5598","	"
489,"	WinPlatform_01.AppEngine1.DiskReadsAvg_1","				2020-08-12 07:28:01","	0","	"
490,"	WinPlatform_01.AppEngine1.DiskBytesWriteAvg_1","				2020-08-12 07:28:01","	7697.722","	"
491,"	WinPlatform_01.AppEngine1.DiskBytesReadAvg_1","				2020-08-12 07:28:01","	0","	"
492,"	WinPlatform_01.AppEngine1.RAMAvailableAvg","				2020-08-12 07:28:01","	3204.75","	"
493,"	WinPlatform_01.AppEngine1.PageFaultsAvg","				2020-08-12 07:28:01","	1582.767","	"
494,"	WinPlatform_01.AppEngine1.Engine.IssuedInternalGetsCnt","				2020-08-12 07:28:01","	-2059836085","	"
495,"	WinPlatform_01.AppEngine1.Engine.IssuedInternalSetsCnt","				2020-08-12 07:28:01","	62186401","	"
496,"	WinPlatform_01.AppEngine1.Engine.ExternalReferenceCnt","				2020-08-12 07:28:01","	9139","	"
497,"	WinPlatform_01.AppEngine1.Engine.IssuedExternalGetsCnt","				2020-08-12 07:28:01","	4","	"
498,"	WinPlatform_01.AppEngine1.Engine.IssuedExternalSetsCnt","				2020-08-12 07:28:01","	1055029","	"
499,"	WinPlatform_01.AppEngine1.Engine.AsyncScriptsRunningCnt","				2020-08-12 07:28:01","	0","	"
500,"	WinPlatform_01.AppEngine1.Engine.AsyncScriptsWaitingCnt","				2020-08-12 07:28:01","	2","	"
501,"	WinPlatform_01.AppEngine1.CPULoadMax","				2020-08-12 07:37:53","	100","	"
502,"	WinPlatform_01.AppEngine1.DiskSpaceFree[1]","				2020-08-12 07:37:53","	25195","	"
503,"	WinPlatform_01.AppEngine1.Engine._ProcessId","				2020-08-12 07:37:53","	1756","	"
504,"	WinPlatform_01.AppEngine1.NetRMCDisconnectCnt","				2020-08-12 07:37:53","	0","	"
505,"	WinPlatform_01.AppEngine1.NetNMXDisconnectCnt","				2020-08-12 07:37:53","	0","	"
506,"	WinPlatform_01.AppEngine1.NetNMXHeartbeatsMissedCnt","				2020-08-12 07:37:53","	5843","	"
507,"	WinPlatform_01.AppEngine1.NetNMXHeartbeatsMissedConsecCnt","				2020-08-12 07:37:53","	1268","	"
508,"	WinPlatform_01.AppEngine1.RAM","				2020-08-12 07:37:53","	8272.91","	"
509,"	WinPlatform_01.AppEngine1.ThreadCnt","				2020-08-12 07:37:53","	2694","	"
510,"	WinPlatform_01.AppEngine1.Engine.Engine._ProcessId","				2020-08-12 07:37:53","	6040","	"
511,"	WinPlatform_01.AppEngine1.Engine.SubscribedAttrCnt","				2020-08-12 07:37:53","	351","	"
512,"	WinPlatform_01.AppEngine1.Engine.SubscriptionLocalCnt","				2020-08-12 07:37:53","	168","	"
513,"	WinPlatform_01.AppEngine1.Scheduler.ObjectCnt","				2020-08-12 07:37:53","	75","	"
514,"	WinPlatform_01.AppEngine1.Scheduler.ScanCyclesCnt","				2020-08-12 07:37:53","	25003918","	"
515,"	WinPlatform_01.AppEngine1.Scheduler.ScanOverrunsCnt","				2020-08-12 07:37:53","	2504","	"
516,"	WinPlatform_01.AppEngine1.Scheduler.TimeIdleAvg","				2020-08-12 07:37:53","	191.3333","	"
517,"	WinPlatform_01.AppEngine1.Scheduler.TimeIdleMax","				2020-08-12 07:37:53","	197.798","	"
518,"	WinPlatform_01.AppEngine1.Scheduler.TimeIdleMin","				2020-08-12 07:37:53","	0","	"
519,"	WinPlatform_01.AppEngine1.Scheduler.TimeInputAvg","				2020-08-12 07:37:53","	8.666667","	"
520,"	WinPlatform_01.AppEngine1.Scheduler.TimeOutputAvg","				2020-08-12 07:37:53","	0","	"
521,"	WinPlatform_01.AppEngine1.CPULoad","				2020-08-12 07:38:01","	15.32699","	"
522,"	WinPlatform_01.AppEngine1.CPULoadAvg","				2020-08-12 07:38:01","	11.16217","	"
523,"	WinPlatform_01.AppEngine1.DiskWritesAvg_1","				2020-08-12 07:38:01","	10.18287","	"
524,"	WinPlatform_01.AppEngine1.DiskReadsAvg_1","				2020-08-12 07:38:01","	0","	"
525,"	WinPlatform_01.AppEngine1.DiskBytesWriteAvg_1","				2020-08-12 07:38:01","	3670.166","	"
526,"	WinPlatform_01.AppEngine1.DiskBytesReadAvg_1","				2020-08-12 07:38:01","	0","	"
527,"	WinPlatform_01.AppEngine1.RAMAvailableAvg","				2020-08-12 07:38:01","	3170.6","	"
528,"	WinPlatform_01.AppEngine1.PageFaultsAvg","				2020-08-12 07:38:01","	1122.83","	"
529,"	WinPlatform_01.AppEngine1.Engine.IssuedInternalGetsCnt","				2020-08-12 07:38:01","	-2059564980","	"
530,"	WinPlatform_01.AppEngine1.Engine.IssuedInternalSetsCnt","				2020-08-12 07:38:01","	62192873","	"
531,"	WinPlatform_01.AppEngine1.Engine.ExternalReferenceCnt","				2020-08-12 07:38:01","	9139","	"
532,"	WinPlatform_01.AppEngine1.Engine.IssuedExternalGetsCnt","				2020-08-12 07:38:01","	4","	"
533,"	WinPlatform_01.AppEngine1.Engine.IssuedExternalSetsCnt","				2020-08-12 07:38:01","	1055175","	"
534,"	WinPlatform_01.AppEngine1.Engine.AsyncScriptsRunningCnt","				2020-08-12 07:38:01","	3","	"
535,"	WinPlatform_01.AppEngine1.Engine.AsyncScriptsWaitingCnt","				2020-08-12 07:38:01","	0","	"
536,"	WinPlatform_01.AppEngine1.CPULoad","				2020-08-12 07:48:01","	16.66709","	"
537,"	WinPlatform_01.AppEngine1.CPULoadAvg","				2020-08-12 07:48:01","	11.94917","	"
538,"	WinPlatform_01.AppEngine1.DiskWritesAvg_1","				2020-08-12 07:48:01","	2.817371","	"
539,"	WinPlatform_01.AppEngine1.DiskReadsAvg_1","				2020-08-12 07:48:01","	0","	"
540,"	WinPlatform_01.AppEngine1.DiskBytesWriteAvg_1","				2020-08-12 07:48:01","	8586.972","	"
541,"	WinPlatform_01.AppEngine1.DiskBytesReadAvg_1","				2020-08-12 07:48:01","	0","	"
542,"	WinPlatform_01.AppEngine1.RAMAvailableAvg","				2020-08-12 07:48:01","	3195.6","	"
543,"	WinPlatform_01.AppEngine1.PageFaultsAvg","				2020-08-12 07:48:01","	1626.01","	"
544,"	WinPlatform_01.AppEngine1.Engine.IssuedInternalGetsCnt","				2020-08-12 07:48:01","	-2059294503","	"
545,"	WinPlatform_01.AppEngine1.Engine.IssuedInternalSetsCnt","				2020-08-12 07:48:01","	62199487","	"
546,"	WinPlatform_01.AppEngine1.Engine.ExternalReferenceCnt","				2020-08-12 07:48:01","	9139","	"
547,"	WinPlatform_01.AppEngine1.Engine.IssuedExternalGetsCnt","				2020-08-12 07:48:01","	4","	"
548,"	WinPlatform_01.AppEngine1.Engine.IssuedExternalSetsCnt","				2020-08-12 07:48:01","	1055204","	"
549,"	WinPlatform_01.AppEngine1.Engine.AsyncScriptsRunningCnt","				2020-08-12 07:48:01","	2","	"
550,"	WinPlatform_01.AppEngine1.Engine.AsyncScriptsWaitingCnt","				2020-08-12 07:48:01","	0","	"
551,"	WinPlatform_01.AppEngine1.CPULoad","				2020-08-12 07:58:01","	16.96518","	"
552,"	WinPlatform_01.AppEngine1.CPULoadAvg","				2020-08-12 07:58:01","	12.39541","	"
553,"	WinPlatform_01.AppEngine1.DiskWritesAvg_1","				2020-08-12 07:58:01","	3.477272","	"
554,"	WinPlatform_01.AppEngine1.DiskReadsAvg_1","				2020-08-12 07:58:01","	0","	"
555,"	WinPlatform_01.AppEngine1.DiskBytesWriteAvg_1","				2020-08-12 07:58:01","	7285.333","	"
556,"	WinPlatform_01.AppEngine1.DiskBytesReadAvg_1","				2020-08-12 07:58:01","	0","	"
557,"	WinPlatform_01.AppEngine1.RAMAvailableAvg","				2020-08-12 07:58:01","	3179.9","	"
558,"	WinPlatform_01.AppEngine1.PageFaultsAvg","				2020-08-12 07:58:01","	1500.971","	"
559,"	WinPlatform_01.AppEngine1.Engine.IssuedInternalGetsCnt","				2020-08-12 07:58:01","	-2059023233","	"
560,"	WinPlatform_01.AppEngine1.Engine.IssuedInternalSetsCnt","				2020-08-12 07:58:01","	62205908","	"
561,"	WinPlatform_01.AppEngine1.Engine.ExternalReferenceCnt","				2020-08-12 07:58:01","	9139","	"
562,"	WinPlatform_01.AppEngine1.Engine.IssuedExternalGetsCnt","				2020-08-12 07:58:01","	4","	"
563,"	WinPlatform_01.AppEngine1.Engine.IssuedExternalSetsCnt","				2020-08-12 07:58:01","	1055379","	"
564,"	WinPlatform_01.AppEngine1.Engine.AsyncScriptsRunningCnt","				2020-08-12 07:58:01","	2","	"
565,"	WinPlatform_01.AppEngine1.Engine.AsyncScriptsWaitingCnt","				2020-08-12 07:58:01","	0","	"
566,"	WinPlatform_01.AppEngine1.CPULoad","				2020-08-12 08:08:01","	12.09719","	"
567,"	WinPlatform_01.AppEngine1.CPULoadAvg","				2020-08-12 08:08:01","	10.34032","	"
568,"	WinPlatform_01.AppEngine1.DiskWritesAvg_1","				2020-08-12 08:08:01","	9.545754","	"
569,"	WinPlatform_01.AppEngine1.DiskReadsAvg_1","				2020-08-12 08:08:01","	0","	"
570,"	WinPlatform_01.AppEngine1.DiskBytesWriteAvg_1","				2020-08-12 08:08:01","	5503.984","	"
571,"	WinPlatform_01.AppEngine1.DiskBytesReadAvg_1","				2020-08-12 08:08:01","	0","	"
572,"	WinPlatform_01.AppEngine1.RAMAvailableAvg","				2020-08-12 08:08:01","	3172.25","	"
573,"	WinPlatform_01.AppEngine1.PageFaultsAvg","				2020-08-12 08:08:01","	1161.895","	"
574,"	WinPlatform_01.AppEngine1.Engine.IssuedInternalGetsCnt","				2020-08-12 08:08:01","	-2058752664","	"
575,"	WinPlatform_01.AppEngine1.Engine.IssuedInternalSetsCnt","				2020-08-12 08:08:01","	62212616","	"
576,"	WinPlatform_01.AppEngine1.Engine.ExternalReferenceCnt","				2020-08-12 08:08:01","	9139","	"
577,"	WinPlatform_01.AppEngine1.Engine.IssuedExternalGetsCnt","				2020-08-12 08:08:01","	4","	"
578,"	WinPlatform_01.AppEngine1.Engine.IssuedExternalSetsCnt","				2020-08-12 08:08:01","	1055449","	"
579,"	WinPlatform_01.AppEngine1.Engine.AsyncScriptsRunningCnt","				2020-08-12 08:08:01","	0","	"
580,"	WinPlatform_01.AppEngine1.Engine.AsyncScriptsWaitingCnt","				2020-08-12 08:08:01","	5","	"
581,"	WinPlatform_01.AppEngine1.CPULoad","				2020-08-12 08:18:01","	7.579181","	"
582,"	WinPlatform_01.AppEngine1.CPULoadAvg","				2020-08-12 08:18:01","	10.70063","	"
583,"	WinPlatform_01.AppEngine1.DiskWritesAvg_1","				2020-08-12 08:18:01","	8.420733","	"
584,"	WinPlatform_01.AppEngine1.DiskReadsAvg_1","				2020-08-12 08:18:01","	0","	"
585,"	WinPlatform_01.AppEngine1.DiskBytesWriteAvg_1","				2020-08-12 08:18:01","	4614.649","	"
586,"	WinPlatform_01.AppEngine1.DiskBytesReadAvg_1","				2020-08-12 08:18:01","	0","	"
587,"	WinPlatform_01.AppEngine1.RAMAvailableAvg","				2020-08-12 08:18:01","	3216.65","	"
588,"	WinPlatform_01.AppEngine1.PageFaultsAvg","				2020-08-12 08:18:01","	1537.433","	"
589,"	WinPlatform_01.AppEngine1.Engine.IssuedInternalGetsCnt","				2020-08-12 08:18:01","	-2058482130","	"
590,"	WinPlatform_01.AppEngine1.Engine.IssuedInternalSetsCnt","				2020-08-12 08:18:01","	62219946","	"
591,"	WinPlatform_01.AppEngine1.Engine.ExternalReferenceCnt","				2020-08-12 08:18:01","	9139","	"
592,"	WinPlatform_01.AppEngine1.Engine.IssuedExternalGetsCnt","				2020-08-12 08:18:01","	4","	"
593,"	WinPlatform_01.AppEngine1.Engine.IssuedExternalSetsCnt","				2020-08-12 08:18:01","	1055486","	"
594,"	WinPlatform_01.AppEngine1.Engine.AsyncScriptsRunningCnt","				2020-08-12 08:18:01","	0","	"
595,"	WinPlatform_01.AppEngine1.Engine.AsyncScriptsWaitingCnt","				2020-08-12 08:18:01","	2","	"
596,"	WinPlatform_01.AppEngine1.CPULoad","				2020-08-12 08:28:01","	5.304573","	"
597,"	WinPlatform_01.AppEngine1.CPULoadAvg","				2020-08-12 08:28:01","	10.16368","	"
598,"	WinPlatform_01.AppEngine1.DiskWritesAvg_1","				2020-08-12 08:28:01","	1.60154","	"
599,"	WinPlatform_01.AppEngine1.DiskReadsAvg_1","				2020-08-12 08:28:01","	0","	"
600,"	WinPlatform_01.AppEngine1.DiskBytesWriteAvg_1","				2020-08-12 08:28:01","	4437.943","	"
601,"	WinPlatform_01.AppEngine1.DiskBytesReadAvg_1","				2020-08-12 08:28:01","	0","	"
602,"	WinPlatform_01.AppEngine1.RAMAvailableAvg","				2020-08-12 08:28:01","	3225.9","	"
603,"	WinPlatform_01.AppEngine1.PageFaultsAvg","				2020-08-12 08:28:01","	1286.123","	"
604,"	WinPlatform_01.AppEngine1.Engine.IssuedInternalGetsCnt","				2020-08-12 08:28:01","	-2058211859","	"
605,"	WinPlatform_01.AppEngine1.Engine.IssuedInternalSetsCnt","				2020-08-12 08:28:01","	62226977","	"
606,"	WinPlatform_01.AppEngine1.Engine.ExternalReferenceCnt","				2020-08-12 08:28:01","	9139","	"
607,"	WinPlatform_01.AppEngine1.Engine.IssuedExternalGetsCnt","				2020-08-12 08:28:01","	4","	"
608,"	WinPlatform_01.AppEngine1.Engine.IssuedExternalSetsCnt","				2020-08-12 08:28:01","	1055486","	"
609,"	WinPlatform_01.AppEngine1.Engine.AsyncScriptsRunningCnt","				2020-08-12 08:28:01","	2","	"
610,"	WinPlatform_01.AppEngine1.Engine.AsyncScriptsWaitingCnt","				2020-08-12 08:28:01","	0","	"
611,"	WinPlatform_01.AppEngine1.CPULoadMax","				2020-08-12 08:37:53","	100","	"
612,"	WinPlatform_01.AppEngine1.DiskSpaceFree[1]","				2020-08-12 08:37:53","	25192","	"
613,"	WinPlatform_01.AppEngine1.Engine._ProcessId","				2020-08-12 08:37:53","	1756","	"
614,"	WinPlatform_01.AppEngine1.NetRMCDisconnectCnt","				2020-08-12 08:37:53","	0","	"
615,"	WinPlatform_01.AppEngine1.NetNMXDisconnectCnt","				2020-08-12 08:37:53","	0","	"
616,"	WinPlatform_01.AppEngine1.NetNMXHeartbeatsMissedCnt","				2020-08-12 08:37:53","	5843","	"
617,"	WinPlatform_01.AppEngine1.NetNMXHeartbeatsMissedConsecCnt","				2020-08-12 08:37:53","	1268","	"
618,"	WinPlatform_01.AppEngine1.RAM","				2020-08-12 08:37:53","	8272.91","	"
619,"	WinPlatform_01.AppEngine1.ThreadCnt","				2020-08-12 08:37:53","	2695","	"
620,"	WinPlatform_01.AppEngine1.Engine.Engine._ProcessId","				2020-08-12 08:37:53","	6040","	"
621,"	WinPlatform_01.AppEngine1.Engine.SubscribedAttrCnt","				2020-08-12 08:37:53","	351","	"
622,"	WinPlatform_01.AppEngine1.Engine.SubscriptionLocalCnt","				2020-08-12 08:37:53","	168","	"
623,"	WinPlatform_01.AppEngine1.Scheduler.ObjectCnt","				2020-08-12 08:37:53","	75","	"
624,"	WinPlatform_01.AppEngine1.Scheduler.ScanCyclesCnt","				2020-08-12 08:37:53","	25021921","	"
625,"	WinPlatform_01.AppEngine1.Scheduler.ScanOverrunsCnt","				2020-08-12 08:37:53","	2504","	"
626,"	WinPlatform_01.AppEngine1.Scheduler.TimeIdleAvg","				2020-08-12 08:37:53","	191.0034","	"
627,"	WinPlatform_01.AppEngine1.Scheduler.TimeIdleMax","				2020-08-12 08:37:53","	197.798","	"
628,"	WinPlatform_01.AppEngine1.Scheduler.TimeIdleMin","				2020-08-12 08:37:53","	0","	"
629,"	WinPlatform_01.AppEngine1.Scheduler.TimeInputAvg","				2020-08-12 08:37:53","	8.996552","	"
630,"	WinPlatform_01.AppEngine1.Scheduler.TimeOutputAvg","				2020-08-12 08:37:53","	0","	"
631,"	WinPlatform_01.AppEngine1.CPULoad","				2020-08-12 08:38:01","	9.091896","	"
632,"	WinPlatform_01.AppEngine1.CPULoadAvg","				2020-08-12 08:38:01","	11.00693","	"
633,"	WinPlatform_01.AppEngine1.DiskWritesAvg_1","				2020-08-12 08:38:01","	8.205583","	"
634,"	WinPlatform_01.AppEngine1.DiskReadsAvg_1","				2020-08-12 08:38:01","	0","	"
635,"	WinPlatform_01.AppEngine1.DiskBytesWriteAvg_1","				2020-08-12 08:38:01","	4522.142","	"
636,"	WinPlatform_01.AppEngine1.DiskBytesReadAvg_1","				2020-08-12 08:38:01","	0","	"
637,"	WinPlatform_01.AppEngine1.RAMAvailableAvg","				2020-08-12 08:38:01","	3185.5","	"
638,"	WinPlatform_01.AppEngine1.PageFaultsAvg","				2020-08-12 08:38:01","	1162.269","	"
639,"	WinPlatform_01.AppEngine1.Engine.IssuedInternalGetsCnt","				2020-08-12 08:38:01","	-2057941560","	"
640,"	WinPlatform_01.AppEngine1.Engine.IssuedInternalSetsCnt","				2020-08-12 08:38:01","	62233973","	"
641,"	WinPlatform_01.AppEngine1.Engine.ExternalReferenceCnt","				2020-08-12 08:38:01","	9139","	"
642,"	WinPlatform_01.AppEngine1.Engine.IssuedExternalGetsCnt","				2020-08-12 08:38:01","	4","	"
643,"	WinPlatform_01.AppEngine1.Engine.IssuedExternalSetsCnt","				2020-08-12 08:38:01","	1055486","	"
644,"	WinPlatform_01.AppEngine1.Engine.AsyncScriptsRunningCnt","				2020-08-12 08:38:01","	3","	"
645,"	WinPlatform_01.AppEngine1.Engine.AsyncScriptsWaitingCnt","				2020-08-12 08:38:01","	0","	"
646,"	WinPlatform_01.AppEngine1.CPULoad","				2020-08-12 08:48:01","	12.49047","	"
647,"	WinPlatform_01.AppEngine1.CPULoadAvg","				2020-08-12 08:48:01","	11.09871","	"
648,"	WinPlatform_01.AppEngine1.DiskWritesAvg_1","				2020-08-12 08:48:01","	1.74713","	"
649,"	WinPlatform_01.AppEngine1.DiskReadsAvg_1","				2020-08-12 08:48:01","	0","	"
650,"	WinPlatform_01.AppEngine1.DiskBytesWriteAvg_1","				2020-08-12 08:48:01","	4967.01","	"
651,"	WinPlatform_01.AppEngine1.DiskBytesReadAvg_1","				2020-08-12 08:48:01","	0","	"
652,"	WinPlatform_01.AppEngine1.RAMAvailableAvg","				2020-08-12 08:48:01","	3213.95","	"
653,"	WinPlatform_01.AppEngine1.PageFaultsAvg","				2020-08-12 08:48:01","	1292.196","	"
654,"	WinPlatform_01.AppEngine1.Engine.IssuedInternalGetsCnt","				2020-08-12 08:48:01","	-2057671281","	"
655,"	WinPlatform_01.AppEngine1.Engine.IssuedInternalSetsCnt","				2020-08-12 08:48:01","	62241854","	"
656,"	WinPlatform_01.AppEngine1.Engine.ExternalReferenceCnt","				2020-08-12 08:48:01","	9139","	"
657,"	WinPlatform_01.AppEngine1.Engine.IssuedExternalGetsCnt","				2020-08-12 08:48:01","	4","	"
658,"	WinPlatform_01.AppEngine1.Engine.IssuedExternalSetsCnt","				2020-08-12 08:48:01","	1055486","	"
659,"	WinPlatform_01.AppEngine1.Engine.AsyncScriptsRunningCnt","				2020-08-12 08:48:01","	2","	"
660,"	WinPlatform_01.AppEngine1.Engine.AsyncScriptsWaitingCnt","				2020-08-12 08:48:01","	0","	"
661,"	WinPlatform_01.AppEngine1.CPULoad","				2020-08-12 08:58:01","	12.90351","	"
662,"	WinPlatform_01.AppEngine1.CPULoadAvg","				2020-08-12 08:58:01","	10.85957","	"
663,"	WinPlatform_01.AppEngine1.DiskWritesAvg_1","				2020-08-12 08:58:01","	10.9077","	"
664,"	WinPlatform_01.AppEngine1.DiskReadsAvg_1","				2020-08-12 08:58:01","	0","	"
665,"	WinPlatform_01.AppEngine1.DiskBytesWriteAvg_1","				2020-08-12 08:58:01","	5004.374","	"
666,"	WinPlatform_01.AppEngine1.DiskBytesReadAvg_1","				2020-08-12 08:58:01","	0","	"
667,"	WinPlatform_01.AppEngine1.RAMAvailableAvg","				2020-08-12 08:58:01","	3175.35","	"
668,"	WinPlatform_01.AppEngine1.PageFaultsAvg","				2020-08-12 08:58:01","	1420.592","	"
669,"	WinPlatform_01.AppEngine1.Engine.IssuedInternalGetsCnt","				2020-08-12 08:58:01","	-2057401007","	"
670,"	WinPlatform_01.AppEngine1.Engine.IssuedInternalSetsCnt","				2020-08-12 08:58:01","	62249154","	"
671,"	WinPlatform_01.AppEngine1.Engine.ExternalReferenceCnt","				2020-08-12 08:58:01","	9139","	"
672,"	WinPlatform_01.AppEngine1.Engine.IssuedExternalGetsCnt","				2020-08-12 08:58:01","	4","	"
673,"	WinPlatform_01.AppEngine1.Engine.IssuedExternalSetsCnt","				2020-08-12 08:58:01","	1055486","	"
674,"	WinPlatform_01.AppEngine1.Engine.AsyncScriptsRunningCnt","				2020-08-12 08:58:01","	3","	"
675,"	WinPlatform_01.AppEngine1.Engine.AsyncScriptsWaitingCnt","				2020-08-12 08:58:01","	0","	"
676,"	WinPlatform_01.AppEngine1.CPULoad","				2020-08-12 09:08:01","	8.594847","	"
677,"	WinPlatform_01.AppEngine1.CPULoadAvg","				2020-08-12 09:08:01","	10.39205","	"
678,"	WinPlatform_01.AppEngine1.DiskWritesAvg_1","				2020-08-12 09:08:01","	11.99567","	"
679,"	WinPlatform_01.AppEngine1.DiskReadsAvg_1","				2020-08-12 09:08:01","	0","	"
680,"	WinPlatform_01.AppEngine1.DiskBytesWriteAvg_1","				2020-08-12 09:08:01","	4799.185","	"
681,"	WinPlatform_01.AppEngine1.DiskBytesReadAvg_1","				2020-08-12 09:08:01","	0","	"
682,"	WinPlatform_01.AppEngine1.RAMAvailableAvg","				2020-08-12 09:08:01","	3227.9","	"
683,"	WinPlatform_01.AppEngine1.PageFaultsAvg","				2020-08-12 09:08:01","	1815.6","	"
684,"	WinPlatform_01.AppEngine1.Engine.IssuedInternalGetsCnt","				2020-08-12 09:08:01","	-2057130733","	"
685,"	WinPlatform_01.AppEngine1.Engine.IssuedInternalSetsCnt","				2020-08-12 09:08:01","	62256023","	"
686,"	WinPlatform_01.AppEngine1.Engine.ExternalReferenceCnt","				2020-08-12 09:08:01","	9139","	"
687,"	WinPlatform_01.AppEngine1.Engine.IssuedExternalGetsCnt","				2020-08-12 09:08:01","	4","	"
688,"	WinPlatform_01.AppEngine1.Engine.IssuedExternalSetsCnt","				2020-08-12 09:08:01","	1055486","	"
689,"	WinPlatform_01.AppEngine1.Engine.AsyncScriptsRunningCnt","				2020-08-12 09:08:01","	2","	"
690,"	WinPlatform_01.AppEngine1.Engine.AsyncScriptsWaitingCnt","				2020-08-12 09:08:01","	0","	"
691,"	WinPlatform_01.AppEngine1.CPULoad","				2020-08-12 09:18:01","	7.032291","	"
692,"	WinPlatform_01.AppEngine1.CPULoadAvg","				2020-08-12 09:18:01","	10.08376","	"
693,"	WinPlatform_01.AppEngine1.DiskWritesAvg_1","				2020-08-12 09:18:01","	5.202992","	"
694,"	WinPlatform_01.AppEngine1.DiskReadsAvg_1","				2020-08-12 09:18:01","	0","	"
695,"	WinPlatform_01.AppEngine1.DiskBytesWriteAvg_1","				2020-08-12 09:18:01","	3786.444","	"
696,"	WinPlatform_01.AppEngine1.DiskBytesReadAvg_1","				2020-08-12 09:18:01","	0","	"
697,"	WinPlatform_01.AppEngine1.RAMAvailableAvg","				2020-08-12 09:18:01","	3216.25","	"
698,"	WinPlatform_01.AppEngine1.PageFaultsAvg","				2020-08-12 09:18:01","	1402.791","	"
699,"	WinPlatform_01.AppEngine1.Engine.IssuedInternalGetsCnt","				2020-08-12 09:18:01","	-2056860457","	"
700,"	WinPlatform_01.AppEngine1.Engine.IssuedInternalSetsCnt","				2020-08-12 09:18:01","	62262898","	"
701,"	WinPlatform_01.AppEngine1.Engine.ExternalReferenceCnt","				2020-08-12 09:18:01","	9139","	"
702,"	WinPlatform_01.AppEngine1.Engine.IssuedExternalGetsCnt","				2020-08-12 09:18:01","	4","	"
703,"	WinPlatform_01.AppEngine1.Engine.IssuedExternalSetsCnt","				2020-08-12 09:18:01","	1055486","	"
704,"	WinPlatform_01.AppEngine1.Engine.AsyncScriptsRunningCnt","				2020-08-12 09:18:01","	3","	"
705,"	WinPlatform_01.AppEngine1.Engine.AsyncScriptsWaitingCnt","				2020-08-12 09:18:01","	0","	"
706,"	WinPlatform_01.AppEngine1.CPULoad","				2020-08-12 09:28:01","	12.50056","	"
707,"	WinPlatform_01.AppEngine1.CPULoadAvg","				2020-08-12 09:28:01","	10.86075","	"
708,"	WinPlatform_01.AppEngine1.DiskWritesAvg_1","				2020-08-12 09:28:01","	8.746204","	"
709,"	WinPlatform_01.AppEngine1.DiskReadsAvg_1","				2020-08-12 09:28:01","	0","	"
710,"	WinPlatform_01.AppEngine1.DiskBytesWriteAvg_1","				2020-08-12 09:28:01","	4727.029","	"
711,"	WinPlatform_01.AppEngine1.DiskBytesReadAvg_1","				2020-08-12 09:28:01","	0","	"
712,"	WinPlatform_01.AppEngine1.RAMAvailableAvg","				2020-08-12 09:28:01","	3204.95","	"
713,"	WinPlatform_01.AppEngine1.PageFaultsAvg","				2020-08-12 09:28:01","	1236.999","	"
714,"	WinPlatform_01.AppEngine1.Engine.IssuedInternalGetsCnt","				2020-08-12 09:28:01","	-2056590181","	"
715,"	WinPlatform_01.AppEngine1.Engine.IssuedInternalSetsCnt","				2020-08-12 09:28:01","	62268836","	"
716,"	WinPlatform_01.AppEngine1.Engine.ExternalReferenceCnt","				2020-08-12 09:28:01","	9139","	"
717,"	WinPlatform_01.AppEngine1.Engine.IssuedExternalGetsCnt","				2020-08-12 09:28:01","	4","	"
718,"	WinPlatform_01.AppEngine1.Engine.IssuedExternalSetsCnt","				2020-08-12 09:28:01","	1055486","	"
719,"	WinPlatform_01.AppEngine1.Engine.AsyncScriptsRunningCnt","				2020-08-12 09:28:01","	2","	"
720,"	WinPlatform_01.AppEngine1.Engine.AsyncScriptsWaitingCnt","				2020-08-12 09:28:01","	0","	"
721,"	WinPlatform_01.AppEngine1.CPULoadMax","				2020-08-12 09:37:53","	100","	"
722,"	WinPlatform_01.AppEngine1.DiskSpaceFree[1]","				2020-08-12 09:37:53","	25189","	"
723,"	WinPlatform_01.AppEngine1.Engine._ProcessId","				2020-08-12 09:37:53","	1756","	"
724,"	WinPlatform_01.AppEngine1.NetRMCDisconnectCnt","				2020-08-12 09:37:53","	0","	"
725,"	WinPlatform_01.AppEngine1.NetNMXDisconnectCnt","				2020-08-12 09:37:53","	0","	"
726,"	WinPlatform_01.AppEngine1.NetNMXHeartbeatsMissedCnt","				2020-08-12 09:37:53","	5843","	"
727,"	WinPlatform_01.AppEngine1.NetNMXHeartbeatsMissedConsecCnt","				2020-08-12 09:37:53","	1268","	"
728,"	WinPlatform_01.AppEngine1.RAM","				2020-08-12 09:37:53","	8272.91","	"
729,"	WinPlatform_01.AppEngine1.ThreadCnt","				2020-08-12 09:37:53","	2672","	"
730,"	WinPlatform_01.AppEngine1.Engine.Engine._ProcessId","				2020-08-12 09:37:53","	6040","	"
731,"	WinPlatform_01.AppEngine1.Engine.SubscribedAttrCnt","				2020-08-12 09:37:53","	351","	"
732,"	WinPlatform_01.AppEngine1.Engine.SubscriptionLocalCnt","				2020-08-12 09:37:53","	168","	"
733,"	WinPlatform_01.AppEngine1.Scheduler.ObjectCnt","				2020-08-12 09:37:53","	75","	"
734,"	WinPlatform_01.AppEngine1.Scheduler.ScanCyclesCnt","				2020-08-12 09:37:53","	25039926","	"
735,"	WinPlatform_01.AppEngine1.Scheduler.ScanOverrunsCnt","				2020-08-12 09:37:53","	2504","	"
736,"	WinPlatform_01.AppEngine1.Scheduler.TimeIdleAvg","				2020-08-12 09:37:53","	190.9595","	"
737,"	WinPlatform_01.AppEngine1.Scheduler.TimeIdleMax","				2020-08-12 09:37:53","	197.798","	"
738,"	WinPlatform_01.AppEngine1.Scheduler.TimeIdleMin","				2020-08-12 09:37:53","	0","	"
739,"	WinPlatform_01.AppEngine1.Scheduler.TimeInputAvg","				2020-08-12 09:37:53","	9.040472","	"
740,"	WinPlatform_01.AppEngine1.Scheduler.TimeOutputAvg","				2020-08-12 09:37:53","	0","	"
741,"	WinPlatform_01.AppEngine1.CPULoad","				2020-08-12 09:38:02","	5.469714","	"
742,"	WinPlatform_01.AppEngine1.CPULoadAvg","				2020-08-12 09:38:02","	11.36906","	"
743,"	WinPlatform_01.AppEngine1.DiskWritesAvg_1","				2020-08-12 09:38:02","	8.40357","	"
744,"	WinPlatform_01.AppEngine1.DiskReadsAvg_1","				2020-08-12 09:38:02","	0","	"
745,"	WinPlatform_01.AppEngine1.DiskBytesWriteAvg_1","				2020-08-12 09:38:02","	2510.876","	"
746,"	WinPlatform_01.AppEngine1.DiskBytesReadAvg_1","				2020-08-12 09:38:02","	0","	"
747,"	WinPlatform_01.AppEngine1.RAMAvailableAvg","				2020-08-12 09:38:02","	3175","	"
748,"	WinPlatform_01.AppEngine1.PageFaultsAvg","				2020-08-12 09:38:02","	1422.517","	"
749,"	WinPlatform_01.AppEngine1.Engine.IssuedInternalGetsCnt","				2020-08-12 09:38:02","	-2056319881","	"
750,"	WinPlatform_01.AppEngine1.Engine.IssuedInternalSetsCnt","				2020-08-12 09:38:02","	62274810","	"
751,"	WinPlatform_01.AppEngine1.Engine.ExternalReferenceCnt","				2020-08-12 09:38:02","	9139","	"
752,"	WinPlatform_01.AppEngine1.Engine.IssuedExternalGetsCnt","				2020-08-12 09:38:02","	4","	"
753,"	WinPlatform_01.AppEngine1.Engine.IssuedExternalSetsCnt","				2020-08-12 09:38:02","	1055486","	"
754,"	WinPlatform_01.AppEngine1.Engine.AsyncScriptsRunningCnt","				2020-08-12 09:38:02","	2","	"
755,"	WinPlatform_01.AppEngine1.Engine.AsyncScriptsWaitingCnt","				2020-08-12 09:38:02","	0","	"
756,"	WinPlatform_01.AppEngine1.CPULoad","				2020-08-12 09:48:02","	7.81344","	"
757,"	WinPlatform_01.AppEngine1.CPULoadAvg","				2020-08-12 09:48:02","	12.11078","	"
758,"	WinPlatform_01.AppEngine1.DiskWritesAvg_1","				2020-08-12 09:48:02","	290.4899","	"
759,"	WinPlatform_01.AppEngine1.DiskReadsAvg_1","				2020-08-12 09:48:02","	0","	"
760,"	WinPlatform_01.AppEngine1.DiskBytesWriteAvg_1","				2020-08-12 09:48:02","	7813.513","	"
761,"	WinPlatform_01.AppEngine1.DiskBytesReadAvg_1","				2020-08-12 09:48:02","	0","	"
762,"	WinPlatform_01.AppEngine1.RAMAvailableAvg","				2020-08-12 09:48:02","	3219.35","	"
763,"	WinPlatform_01.AppEngine1.PageFaultsAvg","				2020-08-12 09:48:02","	1746.641","	"
764,"	WinPlatform_01.AppEngine1.Engine.IssuedInternalGetsCnt","				2020-08-12 09:48:02","	-2056049603","	"
765,"	WinPlatform_01.AppEngine1.Engine.IssuedInternalSetsCnt","				2020-08-12 09:48:02","	62280774","	"
766,"	WinPlatform_01.AppEngine1.Engine.ExternalReferenceCnt","				2020-08-12 09:48:02","	9139","	"
767,"	WinPlatform_01.AppEngine1.Engine.IssuedExternalGetsCnt","				2020-08-12 09:48:02","	4","	"
768,"	WinPlatform_01.AppEngine1.Engine.IssuedExternalSetsCnt","				2020-08-12 09:48:02","	1055486","	"
769,"	WinPlatform_01.AppEngine1.Engine.AsyncScriptsRunningCnt","				2020-08-12 09:48:02","	6","	"
770,"	WinPlatform_01.AppEngine1.Engine.AsyncScriptsWaitingCnt","				2020-08-12 09:48:02","	0","	"
771,"	WinPlatform_01.AppEngine1.CPULoad","				2020-08-12 09:58:02","	7.03402","	"
772,"	WinPlatform_01.AppEngine1.CPULoadAvg","				2020-08-12 09:58:02","	11.54445","	"
773,"	WinPlatform_01.AppEngine1.DiskWritesAvg_1","				2020-08-12 09:58:02","	8.321211","	"
774,"	WinPlatform_01.AppEngine1.DiskReadsAvg_1","				2020-08-12 09:58:02","	0","	"
775,"	WinPlatform_01.AppEngine1.DiskBytesWriteAvg_1","				2020-08-12 09:58:02","	4989.075","	"
776,"	WinPlatform_01.AppEngine1.DiskBytesReadAvg_1","				2020-08-12 09:58:02","	0","	"
777,"	WinPlatform_01.AppEngine1.RAMAvailableAvg","				2020-08-12 09:58:02","	3191.4","	"
778,"	WinPlatform_01.AppEngine1.PageFaultsAvg","				2020-08-12 09:58:02","	1279.053","	"
779,"	WinPlatform_01.AppEngine1.Engine.IssuedInternalGetsCnt","				2020-08-12 09:58:02","	-2055779333","	"
780,"	WinPlatform_01.AppEngine1.Engine.IssuedInternalSetsCnt","				2020-08-12 09:58:02","	62286717","	"
781,"	WinPlatform_01.AppEngine1.Engine.ExternalReferenceCnt","				2020-08-12 09:58:02","	9139","	"
782,"	WinPlatform_01.AppEngine1.Engine.IssuedExternalGetsCnt","				2020-08-12 09:58:02","	4","	"
783,"	WinPlatform_01.AppEngine1.Engine.IssuedExternalSetsCnt","				2020-08-12 09:58:02","	1055486","	"
784,"	WinPlatform_01.AppEngine1.Engine.AsyncScriptsRunningCnt","				2020-08-12 09:58:02","	3","	"
785,"	WinPlatform_01.AppEngine1.Engine.AsyncScriptsWaitingCnt","				2020-08-12 09:58:02","	0","	"
786,"	WinPlatform_01.AppEngine1.CPULoad","				2020-08-12 10:08:02","	6.245631","	"
787,"	WinPlatform_01.AppEngine1.CPULoadAvg","				2020-08-12 10:08:02","	11.04152","	"
788,"	WinPlatform_01.AppEngine1.DiskWritesAvg_1","				2020-08-12 10:08:02","	1.770786","	"
789,"	WinPlatform_01.AppEngine1.DiskReadsAvg_1","				2020-08-12 10:08:02","	0","	"
790,"	WinPlatform_01.AppEngine1.DiskBytesWriteAvg_1","				2020-08-12 10:08:02","	4237.41","	"
791,"	WinPlatform_01.AppEngine1.DiskBytesReadAvg_1","				2020-08-12 10:08:02","	0","	"
792,"	WinPlatform_01.AppEngine1.RAMAvailableAvg","				2020-08-12 10:08:02","	3202.75","	"
793,"	WinPlatform_01.AppEngine1.PageFaultsAvg","				2020-08-12 10:08:02","	1406.663","	"
794,"	WinPlatform_01.AppEngine1.Engine.IssuedInternalGetsCnt","				2020-08-12 10:08:02","	-2055509065","	"
795,"	WinPlatform_01.AppEngine1.Engine.IssuedInternalSetsCnt","				2020-08-12 10:08:02","	62292936","	"
796,"	WinPlatform_01.AppEngine1.Engine.ExternalReferenceCnt","				2020-08-12 10:08:02","	9139","	"
797,"	WinPlatform_01.AppEngine1.Engine.IssuedExternalGetsCnt","				2020-08-12 10:08:02","	4","	"
798,"	WinPlatform_01.AppEngine1.Engine.IssuedExternalSetsCnt","				2020-08-12 10:08:02","	1055486","	"
799,"	WinPlatform_01.AppEngine1.Engine.AsyncScriptsRunningCnt","				2020-08-12 10:08:02","	3","	"
800,"	WinPlatform_01.AppEngine1.Engine.AsyncScriptsWaitingCnt","				2020-08-12 10:08:02","	0","	"
801,"	WinPlatform_01.AppEngine1.CPULoad","				2020-08-12 10:18:02","	4.693981","	"
802,"	WinPlatform_01.AppEngine1.CPULoadAvg","				2020-08-12 10:18:02","	10.78302","	"
803,"	WinPlatform_01.AppEngine1.DiskWritesAvg_1","				2020-08-12 10:18:02","	8.006166","	"
804,"	WinPlatform_01.AppEngine1.DiskReadsAvg_1","				2020-08-12 10:18:02","	0","	"
805,"	WinPlatform_01.AppEngine1.DiskBytesWriteAvg_1","				2020-08-12 10:18:02","	6503.619","	"
806,"	WinPlatform_01.AppEngine1.DiskBytesReadAvg_1","				2020-08-12 10:18:02","	0","	"
807,"	WinPlatform_01.AppEngine1.RAMAvailableAvg","				2020-08-12 10:18:02","	3252.9","	"
808,"	WinPlatform_01.AppEngine1.PageFaultsAvg","				2020-08-12 10:18:02","	1236.989","	"
809,"	WinPlatform_01.AppEngine1.Engine.IssuedInternalGetsCnt","				2020-08-12 10:18:02","	-2055238789","	"
810,"	WinPlatform_01.AppEngine1.Engine.IssuedInternalSetsCnt","				2020-08-12 10:18:02","	62298940","	"
811,"	WinPlatform_01.AppEngine1.Engine.ExternalReferenceCnt","				2020-08-12 10:18:02","	9139","	"
812,"	WinPlatform_01.AppEngine1.Engine.IssuedExternalGetsCnt","				2020-08-12 10:18:02","	4","	"
813,"	WinPlatform_01.AppEngine1.Engine.IssuedExternalSetsCnt","				2020-08-12 10:18:02","	1055486","	"
814,"	WinPlatform_01.AppEngine1.Engine.AsyncScriptsRunningCnt","				2020-08-12 10:18:02","	0","	"
815,"	WinPlatform_01.AppEngine1.Engine.AsyncScriptsWaitingCnt","				2020-08-12 10:18:02","	2","	"
816,"	WinPlatform_01.AppEngine1.CPULoad","				2020-08-12 10:28:02","	7.035154","	"
817,"	WinPlatform_01.AppEngine1.CPULoadAvg","				2020-08-12 10:28:02","	12.18886","	"
818,"	WinPlatform_01.AppEngine1.DiskWritesAvg_1","				2020-08-12 10:28:02","	5.231423","	"
819,"	WinPlatform_01.AppEngine1.DiskReadsAvg_1","				2020-08-12 10:28:02","	0","	"
820,"	WinPlatform_01.AppEngine1.DiskBytesWriteAvg_1","				2020-08-12 10:28:02","	5608.106","	"
821,"	WinPlatform_01.AppEngine1.DiskBytesReadAvg_1","				2020-08-12 10:28:02","	0","	"
822,"	WinPlatform_01.AppEngine1.RAMAvailableAvg","				2020-08-12 10:28:02","	3227.3","	"
823,"	WinPlatform_01.AppEngine1.PageFaultsAvg","				2020-08-12 10:28:02","	1398.896","	"
824,"	WinPlatform_01.AppEngine1.Engine.IssuedInternalGetsCnt","				2020-08-12 10:28:02","	-2054968516","	"
825,"	WinPlatform_01.AppEngine1.Engine.IssuedInternalSetsCnt","				2020-08-12 10:28:02","	62304875","	"
826,"	WinPlatform_01.AppEngine1.Engine.ExternalReferenceCnt","				2020-08-12 10:28:02","	9139","	"
827,"	WinPlatform_01.AppEngine1.Engine.IssuedExternalGetsCnt","				2020-08-12 10:28:02","	4","	"
828,"	WinPlatform_01.AppEngine1.Engine.IssuedExternalSetsCnt","				2020-08-12 10:28:02","	1055486","	"
829,"	WinPlatform_01.AppEngine1.Engine.AsyncScriptsRunningCnt","				2020-08-12 10:28:02","	2","	"
830,"	WinPlatform_01.AppEngine1.Engine.AsyncScriptsWaitingCnt","				2020-08-12 10:28:02","	0","	"
831,"	WinPlatform_01.AppEngine1.CPULoadMax","				2020-08-12 10:37:53","	100","	"
832,"	WinPlatform_01.AppEngine1.DiskSpaceFree[1]","				2020-08-12 10:37:53","	25187","	"
833,"	WinPlatform_01.AppEngine1.Engine._ProcessId","				2020-08-12 10:37:53","	1756","	"
834,"	WinPlatform_01.AppEngine1.NetRMCDisconnectCnt","				2020-08-12 10:37:53","	0","	"
835,"	WinPlatform_01.AppEngine1.NetNMXDisconnectCnt","				2020-08-12 10:37:53","	0","	"
836,"	WinPlatform_01.AppEngine1.NetNMXHeartbeatsMissedCnt","				2020-08-12 10:37:53","	5843","	"
837,"	WinPlatform_01.AppEngine1.NetNMXHeartbeatsMissedConsecCnt","				2020-08-12 10:37:53","	1268","	"
838,"	WinPlatform_01.AppEngine1.RAM","				2020-08-12 10:37:53","	8272.91","	"
839,"	WinPlatform_01.AppEngine1.ThreadCnt","				2020-08-12 10:37:53","	2672","	"
840,"	WinPlatform_01.AppEngine1.Engine.Engine._ProcessId","				2020-08-12 10:37:53","	6040","	"
841,"	WinPlatform_01.AppEngine1.Engine.SubscribedAttrCnt","				2020-08-12 10:37:53","	351","	"
842,"	WinPlatform_01.AppEngine1.Engine.SubscriptionLocalCnt","				2020-08-12 10:37:53","	168","	"
843,"	WinPlatform_01.AppEngine1.Scheduler.ObjectCnt","				2020-08-12 10:37:53","	75","	"
844,"	WinPlatform_01.AppEngine1.Scheduler.ScanCyclesCnt","				2020-08-12 10:37:53","	25057926","	"
845,"	WinPlatform_01.AppEngine1.Scheduler.ScanOverrunsCnt","				2020-08-12 10:37:53","	2504","	"
846,"	WinPlatform_01.AppEngine1.Scheduler.TimeIdleAvg","				2020-08-12 10:37:53","	191.1902","	"
847,"	WinPlatform_01.AppEngine1.Scheduler.TimeIdleMax","				2020-08-12 10:37:53","	197.798","	"
848,"	WinPlatform_01.AppEngine1.Scheduler.TimeIdleMin","				2020-08-12 10:37:53","	0","	"
849,"	WinPlatform_01.AppEngine1.Scheduler.TimeInputAvg","				2020-08-12 10:37:53","	8.809773","	"
850,"	WinPlatform_01.AppEngine1.Scheduler.TimeOutputAvg","				2020-08-12 10:37:53","	0","	"
851,"	WinPlatform_01.AppEngine1.CPULoad","				2020-08-12 10:38:02","	7.814731","	"
852,"	WinPlatform_01.AppEngine1.CPULoadAvg","				2020-08-12 10:38:02","	11.56859","	"
853,"	WinPlatform_01.AppEngine1.DiskWritesAvg_1","				2020-08-12 10:38:02","	1.886899","	"
854,"	WinPlatform_01.AppEngine1.DiskReadsAvg_1","				2020-08-12 10:38:02","	0","	"
855,"	WinPlatform_01.AppEngine1.DiskBytesWriteAvg_1","				2020-08-12 10:38:02","	4838.4","	"
856,"	WinPlatform_01.AppEngine1.DiskBytesReadAvg_1","				2020-08-12 10:38:02","	0","	"
857,"	WinPlatform_01.AppEngine1.RAMAvailableAvg","				2020-08-12 10:38:02","	3209.45","	"
858,"	WinPlatform_01.AppEngine1.PageFaultsAvg","				2020-08-12 10:38:02","	1413.475","	"
859,"	WinPlatform_01.AppEngine1.Engine.IssuedInternalGetsCnt","				2020-08-12 10:38:02","	-2054698218","	"
860,"	WinPlatform_01.AppEngine1.Engine.IssuedInternalSetsCnt","				2020-08-12 10:38:02","	62310863","	"
861,"	WinPlatform_01.AppEngine1.Engine.ExternalReferenceCnt","				2020-08-12 10:38:02","	9139","	"
862,"	WinPlatform_01.AppEngine1.Engine.IssuedExternalGetsCnt","				2020-08-12 10:38:02","	4","	"
863,"	WinPlatform_01.AppEngine1.Engine.IssuedExternalSetsCnt","				2020-08-12 10:38:02","	1055486","	"
864,"	WinPlatform_01.AppEngine1.Engine.AsyncScriptsRunningCnt","				2020-08-12 10:38:02","	4","	"
865,"	WinPlatform_01.AppEngine1.Engine.AsyncScriptsWaitingCnt","				2020-08-12 10:38:02","	0","	"
866,"	WinPlatform_01.AppEngine1.CPULoad","				2020-08-12 10:48:02","	5.468082","	"
867,"	WinPlatform_01.AppEngine1.CPULoadAvg","				2020-08-12 10:48:02","	11.64203","	"
868,"	WinPlatform_01.AppEngine1.DiskWritesAvg_1","				2020-08-12 10:48:02","	11.60006","	"
869,"	WinPlatform_01.AppEngine1.DiskReadsAvg_1","				2020-08-12 10:48:02","	0","	"
870,"	WinPlatform_01.AppEngine1.DiskBytesWriteAvg_1","				2020-08-12 10:48:02","	5967.163","	"
871,"	WinPlatform_01.AppEngine1.DiskBytesReadAvg_1","				2020-08-12 10:48:02","	0","	"
872,"	WinPlatform_01.AppEngine1.RAMAvailableAvg","				2020-08-12 10:48:02","	3217.2","	"
873,"	WinPlatform_01.AppEngine1.PageFaultsAvg","				2020-08-12 10:48:02","	1346.408","	"
874,"	WinPlatform_01.AppEngine1.Engine.IssuedInternalGetsCnt","				2020-08-12 10:48:02","	-2054427941","	"
875,"	WinPlatform_01.AppEngine1.Engine.IssuedInternalSetsCnt","				2020-08-12 10:48:02","	62316929","	"
876,"	WinPlatform_01.AppEngine1.Engine.ExternalReferenceCnt","				2020-08-12 10:48:02","	9139","	"
877,"	WinPlatform_01.AppEngine1.Engine.IssuedExternalGetsCnt","				2020-08-12 10:48:02","	4","	"
878,"	WinPlatform_01.AppEngine1.Engine.IssuedExternalSetsCnt","				2020-08-12 10:48:02","	1055486","	"
879,"	WinPlatform_01.AppEngine1.Engine.AsyncScriptsRunningCnt","				2020-08-12 10:48:02","	0","	"
880,"	WinPlatform_01.AppEngine1.Engine.AsyncScriptsWaitingCnt","				2020-08-12 10:48:02","	3","	"
881,"	WinPlatform_01.AppEngine1.CPULoad","				2020-08-12 10:58:02","	5.469809","	"
882,"	WinPlatform_01.AppEngine1.CPULoadAvg","				2020-08-12 10:58:02","	10.91378","	"
883,"	WinPlatform_01.AppEngine1.DiskWritesAvg_1","				2020-08-12 10:58:02","	8.303181","	"
884,"	WinPlatform_01.AppEngine1.DiskReadsAvg_1","				2020-08-12 10:58:02","	0","	"
885,"	WinPlatform_01.AppEngine1.DiskBytesWriteAvg_1","				2020-08-12 10:58:02","	4214.628","	"
886,"	WinPlatform_01.AppEngine1.DiskBytesReadAvg_1","				2020-08-12 10:58:02","	0","	"
887,"	WinPlatform_01.AppEngine1.RAMAvailableAvg","				2020-08-12 10:58:02","	3260.3","	"
888,"	WinPlatform_01.AppEngine1.PageFaultsAvg","				2020-08-12 10:58:02","	1478.545","	"
889,"	WinPlatform_01.AppEngine1.Engine.IssuedInternalGetsCnt","				2020-08-12 10:58:02","	-2054157665","	"
890,"	WinPlatform_01.AppEngine1.Engine.IssuedInternalSetsCnt","				2020-08-12 10:58:02","	62322917","	"
891,"	WinPlatform_01.AppEngine1.Engine.ExternalReferenceCnt","				2020-08-12 10:58:02","	9139","	"
892,"	WinPlatform_01.AppEngine1.Engine.IssuedExternalGetsCnt","				2020-08-12 10:58:02","	4","	"
893,"	WinPlatform_01.AppEngine1.Engine.IssuedExternalSetsCnt","				2020-08-12 10:58:02","	1055486","	"
894,"	WinPlatform_01.AppEngine1.Engine.AsyncScriptsRunningCnt","				2020-08-12 10:58:02","	2","	"
895,"	WinPlatform_01.AppEngine1.Engine.AsyncScriptsWaitingCnt","				2020-08-12 10:58:02","	0","	"
896,"	WinPlatform_01.AppEngine1.CPULoad","				2020-08-12 11:08:02","	6.252531","	"
897,"	WinPlatform_01.AppEngine1.CPULoadAvg","				2020-08-12 11:08:02","	11.52486","	"
898,"	WinPlatform_01.AppEngine1.DiskWritesAvg_1","				2020-08-12 11:08:02","	8.191916","	"
899,"	WinPlatform_01.AppEngine1.DiskReadsAvg_1","				2020-08-12 11:08:02","	0","	"
900,"	WinPlatform_01.AppEngine1.DiskBytesWriteAvg_1","				2020-08-12 11:08:02","	3965.277","	"
901,"	WinPlatform_01.AppEngine1.DiskBytesReadAvg_1","				2020-08-12 11:08:02","	0","	"
902,"	WinPlatform_01.AppEngine1.RAMAvailableAvg","				2020-08-12 11:08:02","	3240.15","	"
903,"	WinPlatform_01.AppEngine1.PageFaultsAvg","				2020-08-12 11:08:02","	1478.465","	"
904,"	WinPlatform_01.AppEngine1.Engine.IssuedInternalGetsCnt","				2020-08-12 11:08:02","	-2053887394","	"
905,"	WinPlatform_01.AppEngine1.Engine.IssuedInternalSetsCnt","				2020-08-12 11:08:02","	62328942","	"
906,"	WinPlatform_01.AppEngine1.Engine.ExternalReferenceCnt","				2020-08-12 11:08:02","	9139","	"
907,"	WinPlatform_01.AppEngine1.Engine.IssuedExternalGetsCnt","				2020-08-12 11:08:02","	4","	"
908,"	WinPlatform_01.AppEngine1.Engine.IssuedExternalSetsCnt","				2020-08-12 11:08:02","	1055486","	"
909,"	WinPlatform_01.AppEngine1.Engine.AsyncScriptsRunningCnt","				2020-08-12 11:08:02","	0","	"
910,"	WinPlatform_01.AppEngine1.Engine.AsyncScriptsWaitingCnt","				2020-08-12 11:08:02","	3","	"
911,"	WinPlatform_01.AppEngine1.CPULoad","				2020-08-12 11:18:02","	15.62751","	"
912,"	WinPlatform_01.AppEngine1.CPULoadAvg","				2020-08-12 11:18:02","	11.53215","	"
913,"	WinPlatform_01.AppEngine1.DiskWritesAvg_1","				2020-08-12 11:18:02","	8.629809","	"
914,"	WinPlatform_01.AppEngine1.DiskReadsAvg_1","				2020-08-12 11:18:02","	0","	"
915,"	WinPlatform_01.AppEngine1.DiskBytesWriteAvg_1","				2020-08-12 11:18:02","	5970.686","	"
916,"	WinPlatform_01.AppEngine1.DiskBytesReadAvg_1","				2020-08-12 11:18:02","	0","	"
917,"	WinPlatform_01.AppEngine1.RAMAvailableAvg","				2020-08-12 11:18:02","	3221.6","	"
918,"	WinPlatform_01.AppEngine1.PageFaultsAvg","				2020-08-12 11:18:02","	1168.604","	"
919,"	WinPlatform_01.AppEngine1.Engine.IssuedInternalGetsCnt","				2020-08-12 11:18:02","	-2053617120","	"
920,"	WinPlatform_01.AppEngine1.Engine.IssuedInternalSetsCnt","				2020-08-12 11:18:02","	62335159","	"
921,"	WinPlatform_01.AppEngine1.Engine.ExternalReferenceCnt","				2020-08-12 11:18:02","	9139","	"
922,"	WinPlatform_01.AppEngine1.Engine.IssuedExternalGetsCnt","				2020-08-12 11:18:02","	4","	"
923,"	WinPlatform_01.AppEngine1.Engine.IssuedExternalSetsCnt","				2020-08-12 11:18:02","	1055486","	"
924,"	WinPlatform_01.AppEngine1.Engine.AsyncScriptsRunningCnt","				2020-08-12 11:18:02","	2","	"
925,"	WinPlatform_01.AppEngine1.Engine.AsyncScriptsWaitingCnt","				2020-08-12 11:18:02","	0","	"
926,"	WinPlatform_01.AppEngine1.CPULoad","				2020-08-12 11:28:02","	14.06418","	"
927,"	WinPlatform_01.AppEngine1.CPULoadAvg","				2020-08-12 11:28:02","	11.25134","	"
928,"	WinPlatform_01.AppEngine1.DiskWritesAvg_1","				2020-08-12 11:28:02","	8.406589","	"
929,"	WinPlatform_01.AppEngine1.DiskReadsAvg_1","				2020-08-12 11:28:02","	0","	"
930,"	WinPlatform_01.AppEngine1.DiskBytesWriteAvg_1","				2020-08-12 11:28:02","	6346.456","	"
931,"	WinPlatform_01.AppEngine1.DiskBytesReadAvg_1","				2020-08-12 11:28:02","	0","	"
932,"	WinPlatform_01.AppEngine1.RAMAvailableAvg","				2020-08-12 11:28:02","	3200.8","	"
933,"	WinPlatform_01.AppEngine1.PageFaultsAvg","				2020-08-12 11:28:02","	1552.24","	"
934,"	WinPlatform_01.AppEngine1.Engine.IssuedInternalGetsCnt","				2020-08-12 11:28:02","	-2053347463","	"
935,"	WinPlatform_01.AppEngine1.Engine.IssuedInternalSetsCnt","				2020-08-12 11:28:02","	62341417","	"
936,"	WinPlatform_01.AppEngine1.Engine.ExternalReferenceCnt","				2020-08-12 11:28:02","	9139","	"
937,"	WinPlatform_01.AppEngine1.Engine.IssuedExternalGetsCnt","				2020-08-12 11:28:02","	4","	"
938,"	WinPlatform_01.AppEngine1.Engine.IssuedExternalSetsCnt","				2020-08-12 11:28:02","	1055486","	"
939,"	WinPlatform_01.AppEngine1.Engine.AsyncScriptsRunningCnt","				2020-08-12 11:28:02","	2","	"
940,"	WinPlatform_01.AppEngine1.Engine.AsyncScriptsWaitingCnt","				2020-08-12 11:28:02","	0","	"
941,"	WinPlatform_01.AppEngine1.CPULoadMax","				2020-08-12 11:37:53","	100","	"
942,"	WinPlatform_01.AppEngine1.DiskSpaceFree[1]","				2020-08-12 11:37:53","	25159","	"
943,"	WinPlatform_01.AppEngine1.Engine._ProcessId","				2020-08-12 11:37:53","	1756","	"
944,"	WinPlatform_01.AppEngine1.NetRMCDisconnectCnt","				2020-08-12 11:37:53","	0","	"
945,"	WinPlatform_01.AppEngine1.NetNMXDisconnectCnt","				2020-08-12 11:37:53","	0","	"
946,"	WinPlatform_01.AppEngine1.NetNMXHeartbeatsMissedCnt","				2020-08-12 11:37:53","	5843","	"
947,"	WinPlatform_01.AppEngine1.NetNMXHeartbeatsMissedConsecCnt","				2020-08-12 11:37:53","	1268","	"
948,"	WinPlatform_01.AppEngine1.RAM","				2020-08-12 11:37:53","	8272.91","	"
949,"	WinPlatform_01.AppEngine1.ThreadCnt","				2020-08-12 11:37:53","	2673","	"
950,"	WinPlatform_01.AppEngine1.Engine.Engine._ProcessId","				2020-08-12 11:37:53","	6040","	"
951,"	WinPlatform_01.AppEngine1.Engine.SubscribedAttrCnt","				2020-08-12 11:37:53","	351","	"
952,"	WinPlatform_01.AppEngine1.Engine.SubscriptionLocalCnt","				2020-08-12 11:37:53","	168","	"
953,"	WinPlatform_01.AppEngine1.Scheduler.ObjectCnt","				2020-08-12 11:37:53","	75","	"
954,"	WinPlatform_01.AppEngine1.Scheduler.ScanCyclesCnt","				2020-08-12 11:37:53","	25075921","	"
955,"	WinPlatform_01.AppEngine1.Scheduler.ScanOverrunsCnt","				2020-08-12 11:37:53","	2505","	"
956,"	WinPlatform_01.AppEngine1.Scheduler.TimeIdleAvg","				2020-08-12 11:37:53","	191.5525","	"
957,"	WinPlatform_01.AppEngine1.Scheduler.TimeIdleMax","				2020-08-12 11:37:53","	197.798","	"
958,"	WinPlatform_01.AppEngine1.Scheduler.TimeIdleMin","				2020-08-12 11:37:53","	0","	"
959,"	WinPlatform_01.AppEngine1.Scheduler.TimeInputAvg","				2020-08-12 11:37:53","	8.447514","	"
960,"	WinPlatform_01.AppEngine1.Scheduler.TimeOutputAvg","				2020-08-12 11:37:53","	0","	"
